# Blender 5.0.0
# www.blender.org
mtllib teapot_textured.mtl
o teapot
v 0.000000 -0.605903 0.005903
v 0.000000 0.000000 0.000000
v 0.162696 -0.584584 0.005902
v 0.307888 -0.524218 0.005902
v 0.430191 -0.430191 0.005901
v 0.524218 -0.307888 0.005901
v 0.584584 -0.162696 0.005901
v 0.605903 0.000000 0.005901
v 0.584584 0.162696 0.005901
v 0.524218 0.307888 0.005901
v 0.430191 0.430191 0.005901
v 0.307888 0.524218 0.005902
v 0.162696 0.584584 0.005902
v 0.000000 0.605903 0.005903
v -0.162696 0.584584 0.005904
v -0.307888 0.524218 0.005904
v -0.430191 0.430191 0.005905
v -0.524218 0.307888 0.005905
v -0.584584 0.162696 0.005905
v -0.605903 0.000000 0.005905
v -0.584584 -0.162696 0.005905
v -0.524218 -0.307888 0.005905
v -0.430191 -0.430191 0.005905
v -0.307888 -0.524218 0.005904
v -0.162696 -0.584584 0.005904
v 0.000008 -1.400000 2.400000
v -0.375917 -1.350740 2.400000
v -0.370913 -1.332760 2.454690
v 0.000009 -1.381370 2.454690
v 0.000009 -1.384260 2.487500
v -0.371690 -1.335550 2.487500
v 0.000009 -1.403120 2.498440
v -0.376756 -1.353760 2.498440
v -0.384619 -1.382010 2.487500
v 0.000009 -1.432410 2.487500
v -0.393787 -1.414950 2.454690
v 0.000009 -1.466550 2.454690
v -0.402769 -1.447220 2.400000
v 0.000008 -1.500000 2.400000
v -0.711398 -1.211260 2.400000
v -0.701929 -1.195140 2.454690
v -0.703400 -1.197640 2.487500
v -0.712986 -1.213960 2.498440
v -0.727866 -1.239300 2.487500
v -0.745216 -1.268840 2.454690
v -0.762213 -1.297780 2.400000
v -0.993991 -0.994000 2.400000
v -0.980761 -0.980770 2.454690
v -0.982815 -0.982824 2.487500
v -0.996210 -0.996219 2.498440
v -1.017000 -1.017010 2.487500
v -1.041240 -1.041250 2.454690
v -1.064990 -1.065000 2.400000
v -1.211250 -0.711407 2.400000
v -1.195130 -0.701938 2.454690
v -1.197630 -0.703409 2.487500
v -1.213950 -0.712995 2.498440
v -1.239290 -0.727875 2.487500
v -1.268830 -0.745225 2.454690
v -1.297770 -0.762222 2.400000
v -1.350730 -0.375926 2.400010
v -1.332750 -0.370922 2.454690
v -1.335540 -0.371699 2.487500
v -1.353750 -0.376765 2.498450
v -1.382000 -0.384628 2.487500
v -1.414940 -0.393796 2.454700
v -1.447210 -0.402778 2.400010
v -1.399990 0.000000 2.400010
v -1.381360 0.000000 2.454690
v -1.384250 0.000000 2.487500
v -1.403110 0.000000 2.498450
v -1.432400 0.000000 2.487510
v -1.466540 0.000000 2.454700
v -1.499990 0.000000 2.400010
v -1.350730 0.375926 2.400010
v -1.332750 0.370922 2.454690
v -1.335540 0.371699 2.487500
v -1.353750 0.376765 2.498450
v -1.382000 0.384628 2.487500
v -1.414940 0.393796 2.454700
v -1.447210 0.402778 2.400010
v -1.211250 0.711407 2.400000
v -1.195130 0.701938 2.454690
v -1.197630 0.703409 2.487500
v -1.213950 0.712995 2.498440
v -1.239290 0.727875 2.487500
v -1.268830 0.745225 2.454690
v -1.297770 0.762222 2.400000
v -0.993991 0.994000 2.400000
v -0.980761 0.980770 2.454690
v -0.982815 0.982824 2.487500
v -0.996210 0.996219 2.498440
v -1.017000 1.017010 2.487500
v -1.041240 1.041250 2.454690
v -1.064990 1.065000 2.400000
v -0.711398 1.211260 2.400000
v -0.701929 1.195140 2.454690
v -0.703400 1.197640 2.487500
v -0.712986 1.213960 2.498440
v -0.727866 1.239300 2.487500
v -0.745216 1.268840 2.454690
v -0.762213 1.297780 2.400000
v -0.375917 1.350740 2.400000
v -0.370913 1.332760 2.454690
v -0.371690 1.335550 2.487500
v -0.376756 1.353760 2.498440
v -0.384619 1.382010 2.487500
v -0.393787 1.414950 2.454690
v -0.402769 1.447220 2.400000
v 0.000008 1.400000 2.400000
v 0.000009 1.381370 2.454690
v 0.000009 1.384260 2.487500
v 0.000009 1.403120 2.498440
v 0.000009 1.432410 2.487500
v 0.000009 1.466550 2.454690
v 0.000008 1.500000 2.400000
v 0.375935 1.350740 2.400000
v 0.370931 1.332760 2.454690
v 0.371708 1.335550 2.487500
v 0.376774 1.353760 2.498440
v 0.384637 1.382010 2.487500
v 0.393805 1.414950 2.454690
v 0.402787 1.447220 2.400000
v 0.711416 1.211260 2.400000
v 0.701947 1.195140 2.454690
v 0.703418 1.197640 2.487500
v 0.713004 1.213960 2.498440
v 0.727884 1.239300 2.487500
v 0.745234 1.268840 2.454690
v 0.762231 1.297780 2.400000
v 0.994009 0.994000 2.400000
v 0.980779 0.980770 2.454690
v 0.982833 0.982824 2.487500
v 0.996228 0.996219 2.498440
v 1.017020 1.017010 2.487500
v 1.041260 1.041250 2.454690
v 1.065010 1.065000 2.400000
v 1.211270 0.711407 2.400000
v 1.195150 0.701938 2.454690
v 1.197650 0.703409 2.487500
v 1.213970 0.712995 2.498440
v 1.239310 0.727875 2.487500
v 1.268850 0.745225 2.454690
v 1.297790 0.762222 2.400000
v 1.350750 0.375926 2.400000
v 1.332770 0.370922 2.454680
v 1.335560 0.371699 2.487490
v 1.353770 0.376765 2.498440
v 1.382020 0.384628 2.487490
v 1.414960 0.393796 2.454680
v 1.447230 0.402778 2.399990
v 1.400010 0.000000 2.399990
v 1.381380 0.000000 2.454680
v 1.384270 0.000000 2.487490
v 1.403130 0.000000 2.498430
v 1.432420 0.000000 2.487490
v 1.466560 0.000000 2.454680
v 1.500010 0.000000 2.399990
v 1.350750 -0.375926 2.400000
v 1.332770 -0.370922 2.454680
v 1.335560 -0.371699 2.487490
v 1.353770 -0.376765 2.498440
v 1.382020 -0.384628 2.487490
v 1.414960 -0.393796 2.454680
v 1.447230 -0.402778 2.399990
v 1.211270 -0.711407 2.400000
v 1.195150 -0.701938 2.454690
v 1.197650 -0.703409 2.487500
v 1.213970 -0.712995 2.498440
v 1.239310 -0.727875 2.487500
v 1.268850 -0.745225 2.454690
v 1.297790 -0.762222 2.400000
v 0.994009 -0.994000 2.400000
v 0.980779 -0.980770 2.454690
v 0.982833 -0.982824 2.487500
v 0.996228 -0.996219 2.498440
v 1.017020 -1.017010 2.487500
v 1.041260 -1.041250 2.454690
v 1.065010 -1.065000 2.400000
v 0.711416 -1.211260 2.400000
v 0.701947 -1.195140 2.454690
v 0.703418 -1.197640 2.487500
v 0.713004 -1.213960 2.498440
v 0.727884 -1.239300 2.487500
v 0.745234 -1.268840 2.454690
v 0.762231 -1.297780 2.400000
v 0.375935 -1.350740 2.400000
v 0.370931 -1.332760 2.454690
v 0.371708 -1.335550 2.487500
v 0.376774 -1.353760 2.498440
v 0.384637 -1.382010 2.487500
v 0.393805 -1.414950 2.454690
v 0.402787 -1.447220 2.400000
v -0.436024 -1.566710 2.137850
v 0.000008 -1.623840 2.137850
v -0.467414 -1.679490 1.877780
v 0.000007 -1.740740 1.877780
v -0.495075 -1.778880 1.621880
v 0.000006 -1.843750 1.621870
v -0.517142 -1.858160 1.372220
v 0.000005 -1.925930 1.372220
v -0.531750 -1.910650 1.130900
v 0.000004 -1.980320 1.130900
v -0.537034 -1.929630 0.900002
v 0.000003 -2.000000 0.900000
v -0.825145 -1.404920 2.137850
v -0.884547 -1.506060 1.877780
v -0.936892 -1.595190 1.621880
v -0.978651 -1.666280 1.372220
v -1.006300 -1.713350 1.130900
v -1.016300 -1.730370 0.900004
v -1.152920 -1.152930 2.137850
v -1.235920 -1.235930 1.877780
v -1.309050 -1.309060 1.621870
v -1.367400 -1.367410 1.372230
v -1.406030 -1.406030 1.130910
v -1.420000 -1.420000 0.900005
v -1.404910 -0.825153 2.137860
v -1.506050 -0.884554 1.877790
v -1.595180 -0.936898 1.621890
v -1.666270 -0.978656 1.372230
v -1.713350 -1.006300 1.130910
v -1.730370 -1.016300 0.900006
v -1.566700 -0.436032 2.137860
v -1.679480 -0.467421 1.877790
v -1.778870 -0.495081 1.621880
v -1.858150 -0.517147 1.372230
v -1.910650 -0.531754 1.130910
v -1.929630 -0.537037 0.900007
v -1.623830 0.000000 2.137860
v -1.740730 0.000000 1.877790
v -1.843740 0.000000 1.621880
v -1.925920 0.000000 1.372230
v -1.980320 0.000000 1.130910
v -2.000000 0.000000 0.900007
v -1.566700 0.436032 2.137860
v -1.679480 0.467421 1.877790
v -1.778870 0.495081 1.621890
v -1.858150 0.517147 1.372230
v -1.910650 0.531754 1.130910
v -1.929630 0.537037 0.900007
v -1.404910 0.825153 2.137860
v -1.506050 0.884554 1.877790
v -1.595180 0.936898 1.621890
v -1.666270 0.978656 1.372230
v -1.713350 1.006300 1.130910
v -1.730370 1.016300 0.900006
v -1.152920 1.152930 2.137850
v -1.235920 1.235930 1.877780
v -1.309050 1.309060 1.621870
v -1.367400 1.367410 1.372230
v -1.406030 1.406030 1.130910
v -1.420000 1.420000 0.900005
v -0.825145 1.404920 2.137850
v -0.884547 1.506060 1.877780
v -0.936892 1.595190 1.621880
v -0.978651 1.666280 1.372220
v -1.006300 1.713350 1.130900
v -1.016300 1.730370 0.900004
v -0.436024 1.566710 2.137850
v -0.467414 1.679490 1.877780
v -0.495075 1.778880 1.621870
v -0.517142 1.858160 1.372220
v -0.531750 1.910650 1.130900
v -0.537034 1.929630 0.900002
v 0.000008 1.623840 2.137850
v 0.000007 1.740740 1.877780
v 0.000006 1.843750 1.621870
v 0.000005 1.925930 1.372220
v 0.000004 1.980320 1.130900
v 0.000003 2.000000 0.900000
v 0.436040 1.566710 2.137850
v 0.467428 1.679490 1.877780
v 0.495087 1.778880 1.621880
v 0.517152 1.858160 1.372220
v 0.531758 1.910650 1.130900
v 0.537040 1.929630 0.899998
v 0.825161 1.404920 2.137850
v 0.884561 1.506060 1.877780
v 0.936904 1.595190 1.621880
v 0.978661 1.666280 1.372220
v 1.006300 1.713350 1.130900
v 1.016300 1.730370 0.899996
v 1.152940 1.152930 2.137850
v 1.235940 1.235930 1.877780
v 1.309070 1.309060 1.621870
v 1.367420 1.367410 1.372220
v 1.406030 1.406030 1.130890
v 1.420000 1.420000 0.899995
v 1.404930 0.825153 2.137840
v 1.506070 0.884554 1.877770
v 1.595200 0.936898 1.621870
v 1.666290 0.978656 1.372210
v 1.713350 1.006300 1.130890
v 1.730370 1.016300 0.899994
v 1.566720 0.436032 2.137840
v 1.679500 0.467421 1.877770
v 1.778890 0.495081 1.621860
v 1.858170 0.517147 1.372210
v 1.910650 0.531754 1.130890
v 1.929630 0.537037 0.899993
v 1.623850 0.000000 2.137840
v 1.740750 0.000000 1.877770
v 1.843760 0.000000 1.621860
v 1.925940 0.000000 1.372210
v 1.980320 0.000000 1.130890
v 2.000000 0.000000 0.899993
v 1.566720 -0.436032 2.137840
v 1.679500 -0.467421 1.877770
v 1.778890 -0.495081 1.621870
v 1.858170 -0.517147 1.372210
v 1.910650 -0.531754 1.130890
v 1.929630 -0.537037 0.899993
v 1.404930 -0.825153 2.137840
v 1.506070 -0.884554 1.877770
v 1.595200 -0.936898 1.621870
v 1.666290 -0.978656 1.372210
v 1.713350 -1.006300 1.130890
v 1.730370 -1.016300 0.899994
v 1.152940 -1.152930 2.137850
v 1.235940 -1.235930 1.877780
v 1.309070 -1.309060 1.621870
v 1.367420 -1.367410 1.372220
v 1.406030 -1.406030 1.130890
v 1.420000 -1.420000 0.899995
v 0.825161 -1.404920 2.137850
v 0.884561 -1.506060 1.877780
v 0.936904 -1.595190 1.621880
v 0.978661 -1.666280 1.372220
v 1.006300 -1.713350 1.130900
v 1.016300 -1.730370 0.899996
v 0.436040 -1.566710 2.137850
v 0.467428 -1.679490 1.877780
v 0.495087 -1.778880 1.621870
v 0.517152 -1.858160 1.372220
v 0.531758 -1.910650 1.130900
v 0.537040 -1.929630 0.899998
v -0.527089 -1.893900 0.693405
v 0.000002 -1.962960 0.693403
v -0.502227 -1.804560 0.522224
v 0.000002 -1.870370 0.522222
v -0.469906 -1.688430 0.384377
v 0.000001 -1.750000 0.384375
v -0.437585 -1.572290 0.277780
v 0.000001 -1.629630 0.277778
v -0.412722 -1.482960 0.200349
v 0.000001 -1.537040 0.200347
v -0.402777 -1.447220 0.150001
v 0.000001 -1.500000 0.150000
v -0.997473 -1.698330 0.693407
v -0.950423 -1.618220 0.522225
v -0.889258 -1.514070 0.384378
v -0.828092 -1.409930 0.277781
v -0.781042 -1.329820 0.200350
v -0.762221 -1.297780 0.150003
v -1.393700 -1.393700 0.693408
v -1.327960 -1.327960 0.522227
v -1.242500 -1.242500 0.384380
v -1.157040 -1.157040 0.277782
v -1.091300 -1.091300 0.200351
v -1.065000 -1.065000 0.150004
v -1.698330 -0.997476 0.693409
v -1.618220 -0.950425 0.522228
v -1.514070 -0.889259 0.384381
v -1.409930 -0.828093 0.277783
v -1.329820 -0.781043 0.200352
v -1.297780 -0.762222 0.150005
v -1.893900 -0.527092 0.693410
v -1.804560 -0.502229 0.522229
v -1.688430 -0.469907 0.384381
v -1.572290 -0.437586 0.277784
v -1.482960 -0.412723 0.200352
v -1.447220 -0.402778 0.150005
v -1.962960 0.000000 0.693410
v -1.870370 0.000000 0.522229
v -1.750000 0.000000 0.384381
v -1.629630 0.000000 0.277784
v -1.537040 0.000000 0.200353
v -1.500000 0.000000 0.150006
v -1.893900 0.527092 0.693410
v -1.804560 0.502229 0.522229
v -1.688430 0.469907 0.384381
v -1.572290 0.437586 0.277784
v -1.482960 0.412723 0.200352
v -1.447220 0.402778 0.150005
v -1.698330 0.997476 0.693409
v -1.618220 0.950425 0.522228
v -1.514070 0.889259 0.384381
v -1.409930 0.828093 0.277783
v -1.329820 0.781043 0.200352
v -1.297780 0.762222 0.150005
v -1.393700 1.393700 0.693408
v -1.327960 1.327960 0.522227
v -1.242500 1.242500 0.384380
v -1.157040 1.157040 0.277782
v -1.091300 1.091300 0.200351
v -1.065000 1.065000 0.150004
v -0.997473 1.698330 0.693407
v -0.950423 1.618220 0.522225
v -0.889258 1.514070 0.384378
v -0.828092 1.409930 0.277781
v -0.781042 1.329820 0.200350
v -0.762221 1.297780 0.150003
v -0.527089 1.893900 0.693405
v -0.502227 1.804560 0.522224
v -0.469906 1.688430 0.384377
v -0.437585 1.572290 0.277780
v -0.412722 1.482960 0.200349
v -0.402777 1.447220 0.150001
v 0.000002 1.962960 0.693403
v 0.000002 1.870370 0.522222
v 0.000001 1.750000 0.384375
v 0.000001 1.629630 0.277778
v 0.000001 1.537040 0.200347
v 0.000001 1.500000 0.150000
v 0.527095 1.893900 0.693401
v 0.502231 1.804560 0.522220
v 0.469908 1.688430 0.384373
v 0.437587 1.572290 0.277776
v 0.412724 1.482960 0.200345
v 0.402779 1.447220 0.149999
v 0.997479 1.698330 0.693399
v 0.950427 1.618220 0.522218
v 0.889260 1.514070 0.384372
v 0.828094 1.409930 0.277775
v 0.781044 1.329820 0.200344
v 0.762223 1.297780 0.149997
v 1.393700 1.393700 0.693398
v 1.327960 1.327960 0.522217
v 1.242500 1.242500 0.384370
v 1.157040 1.157040 0.277774
v 1.091300 1.091300 0.200343
v 1.065000 1.065000 0.149996
v 1.698330 0.997476 0.693397
v 1.618220 0.950425 0.522216
v 1.514070 0.889259 0.384369
v 1.409930 0.828093 0.277773
v 1.329820 0.781043 0.200342
v 1.297780 0.762222 0.149995
v 1.893900 0.527092 0.693396
v 1.804560 0.502229 0.522215
v 1.688430 0.469907 0.384369
v 1.572290 0.437586 0.277772
v 1.482960 0.412723 0.200342
v 1.447220 0.402778 0.149995
v 1.962960 0.000000 0.693396
v 1.870370 0.000000 0.522215
v 1.750000 0.000000 0.384369
v 1.629630 0.000000 0.277772
v 1.537040 0.000000 0.200341
v 1.500000 0.000000 0.149994
v 1.893900 -0.527092 0.693396
v 1.804560 -0.502229 0.522215
v 1.688430 -0.469907 0.384369
v 1.572290 -0.437586 0.277772
v 1.482960 -0.412723 0.200342
v 1.447220 -0.402778 0.149995
v 1.698330 -0.997476 0.693397
v 1.618220 -0.950425 0.522216
v 1.514070 -0.889259 0.384369
v 1.409930 -0.828093 0.277773
v 1.329820 -0.781043 0.200342
v 1.297780 -0.762222 0.149995
v 1.393700 -1.393700 0.693398
v 1.327960 -1.327960 0.522217
v 1.242500 -1.242500 0.384370
v 1.157040 -1.157040 0.277774
v 1.091300 -1.091300 0.200343
v 1.065000 -1.065000 0.149996
v 0.997479 -1.698330 0.693399
v 0.950427 -1.618220 0.522218
v 0.889260 -1.514070 0.384372
v 0.828094 -1.409930 0.277775
v 0.781044 -1.329820 0.200344
v 0.762223 -1.297780 0.149997
v 0.527095 -1.893900 0.693401
v 0.502231 -1.804560 0.522220
v 0.469908 -1.688430 0.384373
v 0.437587 -1.572290 0.277776
v 0.412724 -1.482960 0.200345
v 0.402779 -1.447220 0.149999
v 0.000000 -1.022220 0.022222
v 0.274486 -0.986255 0.022221
v 0.000000 -1.284370 0.046875
v 0.344878 -1.239180 0.046874
v 0.000000 -1.427780 0.077778
v 0.383385 -1.377540 0.077777
v 0.000000 -1.487850 0.112847
v 0.399515 -1.435500 0.112846
v 0.519440 -0.884412 0.022220
v 0.652653 -1.111220 0.046873
v 0.725523 -1.235290 0.077775
v 0.756047 -1.287260 0.112844
v 0.725778 -0.725778 0.022219
v 0.911906 -0.911906 0.046872
v 1.013720 -1.013720 0.077774
v 1.056370 -1.056370 0.112843
v 0.884412 -0.519440 0.022219
v 1.111220 -0.652653 0.046871
v 1.235290 -0.725523 0.077774
v 1.287260 -0.756047 0.112842
v 0.986255 -0.274486 0.022219
v 1.239180 -0.344878 0.046871
v 1.377540 -0.383385 0.077773
v 1.435500 -0.399515 0.112842
v 1.022220 0.000000 0.022218
v 1.284370 0.000000 0.046871
v 1.427780 0.000000 0.077773
v 1.487850 0.000000 0.112842
v 0.986255 0.274486 0.022219
v 1.239180 0.344878 0.046871
v 1.377540 0.383385 0.077773
v 1.435500 0.399515 0.112842
v 0.884412 0.519440 0.022219
v 1.111220 0.652653 0.046871
v 1.235290 0.725523 0.077774
v 1.287260 0.756047 0.112842
v 0.725778 0.725778 0.022219
v 0.911906 0.911906 0.046872
v 1.013720 1.013720 0.077774
v 1.056370 1.056370 0.112843
v 0.519440 0.884412 0.022220
v 0.652653 1.111220 0.046873
v 0.725523 1.235290 0.077775
v 0.756047 1.287260 0.112844
v 0.274486 0.986255 0.022221
v 0.344878 1.239180 0.046874
v 0.383385 1.377540 0.077777
v 0.399515 1.435500 0.112846
v 0.000000 1.022220 0.022222
v 0.000000 1.284370 0.046875
v 0.000000 1.427780 0.077778
v 0.000000 1.487850 0.112847
v -0.274486 0.986255 0.022223
v -0.344878 1.239180 0.046876
v -0.383385 1.377540 0.077779
v -0.399515 1.435500 0.112848
v -0.519440 0.884412 0.022224
v -0.652653 1.111220 0.046877
v -0.725523 1.235290 0.077781
v -0.756047 1.287260 0.112850
v -0.725778 0.725778 0.022225
v -0.911906 0.911906 0.046878
v -1.013720 1.013720 0.077782
v -1.056370 1.056370 0.112851
v -0.884412 0.519440 0.022225
v -1.111220 0.652653 0.046879
v -1.235290 0.725523 0.077782
v -1.287260 0.756047 0.112852
v -0.986255 0.274486 0.022225
v -1.239180 0.344878 0.046879
v -1.377540 0.383385 0.077783
v -1.435500 0.399515 0.112852
v -1.022220 0.000000 0.022226
v -1.284370 0.000000 0.046879
v -1.427780 0.000000 0.077783
v -1.487850 0.000000 0.112852
v -0.986255 -0.274486 0.022225
v -1.239180 -0.344878 0.046879
v -1.377540 -0.383385 0.077783
v -1.435500 -0.399515 0.112852
v -0.884412 -0.519440 0.022225
v -1.111220 -0.652653 0.046879
v -1.235290 -0.725523 0.077782
v -1.287260 -0.756047 0.112852
v -0.725778 -0.725778 0.022225
v -0.911906 -0.911906 0.046878
v -1.013720 -1.013720 0.077782
v -1.056370 -1.056370 0.112851
v -0.519440 -0.884412 0.022224
v -0.652653 -1.111220 0.046877
v -0.725523 -1.235290 0.077781
v -0.756047 -1.287260 0.112850
v -0.274486 -0.986255 0.022223
v -0.344878 -1.239180 0.046876
v -0.383385 -1.377540 0.077779
v -0.399515 -1.435500 0.112848
v -0.053694 -0.192963 2.700000
v 0.000010 -0.200000 2.700000
v -0.046035 -0.165279 2.785420
v 0.000010 -0.171296 2.785420
v -0.101620 -0.173037 2.700000
v -0.087096 -0.148234 2.785420
v -0.141990 -0.142000 2.700000
v -0.121662 -0.121672 2.785420
v -0.173027 -0.101630 2.700000
v -0.148224 -0.087106 2.785420
v -0.192953 -0.053704 2.700000
v -0.165269 -0.046045 2.785420
v -0.199990 0.000000 2.700000
v -0.171286 0.000000 2.785420
v -0.192953 0.053704 2.700000
v -0.165269 0.046045 2.785420
v -0.173027 0.101630 2.700000
v -0.148224 0.087106 2.785420
v -0.141990 0.142000 2.700000
v -0.121662 0.121672 2.785420
v -0.101620 0.173037 2.700000
v -0.087096 0.148234 2.785420
v -0.053694 0.192963 2.700000
v -0.046035 0.165279 2.785420
v 0.000010 0.200000 2.700000
v 0.000010 0.171296 2.785420
v 0.053714 0.192963 2.700000
v 0.046055 0.165279 2.785420
v 0.101640 0.173037 2.700000
v 0.087116 0.148234 2.785420
v 0.142010 0.142000 2.700000
v 0.121682 0.121672 2.785420
v 0.173047 0.101630 2.700000
v 0.148244 0.087106 2.785420
v 0.192973 0.053704 2.700000
v 0.165289 0.046045 2.785420
v 0.200010 0.000000 2.700000
v 0.171306 0.000000 2.785420
v 0.192973 -0.053704 2.700000
v 0.165289 -0.046045 2.785420
v 0.173047 -0.101630 2.700000
v 0.148244 -0.087106 2.785420
v 0.142010 -0.142000 2.700000
v 0.121682 -0.121672 2.785420
v 0.101640 -0.173037 2.700000
v 0.087116 -0.148234 2.785420
v 0.053714 -0.192963 2.700000
v 0.046055 -0.165279 2.785420
v -0.094221 -0.338579 2.636110
v 0.000009 -0.350926 2.636110
v -0.154140 -0.553875 2.588890
v 0.000009 -0.574074 2.588890
v -0.221519 -0.795972 2.550000
v 0.000009 -0.825000 2.550000
v -0.284422 -1.021990 2.511110
v 0.000009 -1.059260 2.511110
v -0.330915 -1.189040 2.463890
v 0.000009 -1.232410 2.463890
v -0.349065 -1.254260 2.400000
v 0.000008 -1.300000 2.400000
v -0.178312 -0.303616 2.636110
v -0.291705 -0.496680 2.588890
v -0.419213 -0.713778 2.550000
v -0.538252 -0.916455 2.511110
v -0.626237 -1.066260 2.463890
v -0.660584 -1.124740 2.400000
v -0.249147 -0.249157 2.636110
v -0.407583 -0.407593 2.588890
v -0.585741 -0.585750 2.550000
v -0.752065 -0.752074 2.511110
v -0.875000 -0.875009 2.463890
v -0.922991 -0.923000 2.400000
v -0.303606 -0.178322 2.636110
v -0.496670 -0.291715 2.588890
v -0.713769 -0.419222 2.550000
v -0.916446 -0.538261 2.511110
v -1.066250 -0.626246 2.463890
v -1.124730 -0.660593 2.400000
v -0.338569 -0.094230 2.636110
v -0.553865 -0.154150 2.588890
v -0.795963 -0.221528 2.550000
v -1.021980 -0.284431 2.511110
v -1.189030 -0.330924 2.463890
v -1.254250 -0.349074 2.400000
v -0.350916 0.000000 2.636110
v -0.574064 0.000000 2.588890
v -0.824991 0.000000 2.550000
v -1.059250 0.000000 2.511110
v -1.232400 0.000000 2.463890
v -1.299990 0.000000 2.400000
v -0.338569 0.094230 2.636110
v -0.553865 0.154150 2.588890
v -0.795963 0.221528 2.550000
v -1.021980 0.284431 2.511110
v -1.189030 0.330924 2.463890
v -1.254250 0.349074 2.400000
v -0.303606 0.178322 2.636110
v -0.496670 0.291715 2.588890
v -0.713769 0.419222 2.550000
v -0.916446 0.538261 2.511110
v -1.066250 0.626246 2.463890
v -1.124730 0.660593 2.400000
v -0.249147 0.249157 2.636110
v -0.407583 0.407593 2.588890
v -0.585741 0.585750 2.550000
v -0.752065 0.752074 2.511110
v -0.875000 0.875009 2.463890
v -0.922991 0.923000 2.400000
v -0.178312 0.303616 2.636110
v -0.291705 0.496680 2.588890
v -0.419213 0.713778 2.550000
v -0.538252 0.916455 2.511110
v -0.626237 1.066260 2.463890
v -0.660584 1.124740 2.400000
v -0.094221 0.338579 2.636110
v -0.154140 0.553875 2.588890
v -0.221519 0.795972 2.550000
v -0.284422 1.021990 2.511110
v -0.330915 1.189040 2.463890
v -0.349065 1.254260 2.400000
v 0.000009 0.350926 2.636110
v 0.000009 0.574074 2.588890
v 0.000009 0.825000 2.550000
v 0.000009 1.059260 2.511110
v 0.000009 1.232410 2.463890
v 0.000008 1.300000 2.400000
v 0.094239 0.338579 2.636110
v 0.154160 0.553875 2.588890
v 0.221537 0.795972 2.550000
v 0.284440 1.021990 2.511110
v 0.330933 1.189040 2.463890
v 0.349083 1.254260 2.400000
v 0.178332 0.303616 2.636110
v 0.291725 0.496680 2.588890
v 0.419231 0.713778 2.550000
v 0.538270 0.916455 2.511110
v 0.626255 1.066260 2.463890
v 0.660602 1.124740 2.400000
v 0.249167 0.249157 2.636110
v 0.407603 0.407593 2.588890
v 0.585759 0.585750 2.550000
v 0.752083 0.752074 2.511110
v 0.875018 0.875009 2.463890
v 0.923009 0.923000 2.400000
v 0.303626 0.178322 2.636110
v 0.496690 0.291715 2.588890
v 0.713787 0.419222 2.550000
v 0.916464 0.538261 2.511110
v 1.066270 0.626246 2.463890
v 1.124750 0.660593 2.400000
v 0.338589 0.094230 2.636110
v 0.553885 0.154150 2.588890
v 0.795981 0.221528 2.550000
v 1.022000 0.284431 2.511110
v 1.189050 0.330924 2.463890
v 1.254270 0.349074 2.400000
v 0.350936 0.000000 2.636110
v 0.574084 0.000000 2.588890
v 0.825009 0.000000 2.550000
v 1.059270 0.000000 2.511110
v 1.232420 0.000000 2.463890
v 1.300010 0.000000 2.400000
v 0.338589 -0.094230 2.636110
v 0.553885 -0.154150 2.588890
v 0.795981 -0.221528 2.550000
v 1.022000 -0.284431 2.511110
v 1.189050 -0.330924 2.463890
v 1.254270 -0.349074 2.400000
v 0.303626 -0.178322 2.636110
v 0.496690 -0.291715 2.588890
v 0.713787 -0.419222 2.550000
v 0.916464 -0.538261 2.511110
v 1.066270 -0.626246 2.463890
v 1.124750 -0.660593 2.400000
v 0.249167 -0.249157 2.636110
v 0.407603 -0.407593 2.588890
v 0.585759 -0.585750 2.550000
v 0.752083 -0.752074 2.511110
v 0.875018 -0.875009 2.463890
v 0.923009 -0.923000 2.400000
v 0.178332 -0.303616 2.636110
v 0.291725 -0.496680 2.588890
v 0.419231 -0.713778 2.550000
v 0.538270 -0.916455 2.511110
v 0.626255 -1.066260 2.463890
v 0.660602 -1.124740 2.400000
v 0.094239 -0.338579 2.636110
v 0.154160 -0.553875 2.588890
v 0.221537 -0.795972 2.550000
v 0.284440 -1.021990 2.511110
v 0.330933 -1.189040 2.463890
v 0.349083 -1.254260 2.400000
v 0.000007 1.924540 2.023960
v 0.000007 1.600000 2.025000
v -0.124992 1.927040 2.040550
v -0.124992 1.592590 2.041670
v 0.000007 2.196300 2.016670
v -0.124992 2.206450 2.032720
v -0.124993 2.428240 2.011460
v 0.000007 2.412500 1.996870
v -0.124993 2.589850 1.970060
v 0.000007 2.570370 1.958330
v -0.124993 2.688700 1.901810
v 0.000007 2.667130 1.894790
v -0.124993 2.722220 1.800000
v 0.000006 2.700000 1.800000
v -0.199992 1.933300 2.082020
v -0.199992 1.574070 2.083330
v -0.199992 2.231820 2.072840
v -0.199992 2.467590 2.047920
v -0.199993 2.638550 1.999380
v -0.199993 2.742630 1.919370
v -0.199993 2.777780 1.800000
v -0.224992 1.941440 2.135940
v -0.224992 1.550000 2.137500
v -0.224992 2.264810 2.125000
v -0.224992 2.518750 2.095310
v -0.224992 2.701850 2.037500
v -0.224993 2.812730 1.942190
v -0.224993 2.850000 1.800000
v -0.199992 1.949570 2.189850
v -0.199992 1.525930 2.191670
v -0.199992 2.297810 2.177160
v -0.199992 2.569910 2.142710
v -0.199992 2.765160 2.075620
v -0.199993 2.882840 1.965010
v -0.199993 2.922220 1.800000
v -0.124992 1.955830 2.231330
v -0.124992 1.507410 2.233330
v -0.124992 2.323180 2.217280
v -0.124992 2.609260 2.179170
v -0.124992 2.813850 2.104940
v -0.124993 2.936760 1.982560
v -0.124993 2.977780 1.800000
v 0.000008 1.958330 2.247920
v 0.000008 1.500000 2.250000
v 0.000008 2.333330 2.233330
v 0.000008 2.625000 2.193750
v 0.000007 2.833330 2.116670
v 0.000007 2.958330 1.989580
v 0.000006 3.000000 1.800000
v 0.125008 1.507410 2.233330
v 0.125008 1.955830 2.231330
v 0.125008 2.323180 2.217280
v 0.125008 2.609260 2.179170
v 0.125008 2.813850 2.104940
v 0.125007 2.936760 1.982560
v 0.125007 2.977780 1.800000
v 0.200008 1.525930 2.191670
v 0.200008 1.949570 2.189850
v 0.200008 2.297810 2.177160
v 0.200008 2.569910 2.142710
v 0.200008 2.765160 2.075620
v 0.200007 2.882840 1.965010
v 0.200007 2.922220 1.800000
v 0.225008 1.550000 2.137500
v 0.225008 1.941440 2.135940
v 0.225008 2.264810 2.125000
v 0.225008 2.518750 2.095310
v 0.225008 2.701850 2.037500
v 0.225007 2.812730 1.942190
v 0.225007 2.850000 1.800000
v 0.200008 1.574070 2.083330
v 0.200008 1.933300 2.082020
v 0.200008 2.231820 2.072840
v 0.200008 2.467590 2.047920
v 0.200007 2.638550 1.999380
v 0.200007 2.742630 1.919370
v 0.200007 2.777780 1.800000
v 0.125008 1.592590 2.041670
v 0.125008 1.927040 2.040550
v 0.125008 2.206450 2.032720
v 0.125007 2.428240 2.011460
v 0.125007 2.589850 1.970060
v 0.125007 2.688700 1.901810
v 0.125007 2.722220 1.800000
v -0.124994 2.704180 1.663980
v 0.000006 2.682870 1.670830
v -0.124994 2.648290 1.505350
v 0.000005 2.629630 1.516670
v -0.124995 2.551850 1.335760
v 0.000005 2.537500 1.350000
v -0.124996 2.412210 1.166870
v 0.000004 2.403700 1.183330
v -0.124996 2.226680 1.010330
v 0.000004 2.225460 1.029170
v -0.124997 1.992590 0.877778
v 0.000003 2.000000 0.900000
v -0.199994 2.757470 1.646840
v -0.199995 2.694920 1.477060
v -0.199995 2.587730 1.300170
v -0.199996 2.433470 1.125720
v -0.199996 2.229720 0.963228
v -0.199997 1.974070 0.822223
v -0.224994 2.826740 1.624570
v -0.224995 2.755560 1.440280
v -0.224995 2.634370 1.253910
v -0.224996 2.461110 1.072220
v -0.224997 2.233680 0.901998
v -0.224997 1.950000 0.750001
v -0.199994 2.896000 1.602290
v -0.199995 2.816190 1.403500
v -0.199996 2.681020 1.207640
v -0.199996 2.488750 1.018720
v -0.199997 2.237640 0.840767
v -0.199997 1.925930 0.677779
v -0.124994 2.949290 1.585150
v -0.124995 2.862830 1.375210
v -0.124996 2.716900 1.172050
v -0.124996 2.510010 0.977573
v -0.124997 2.240680 0.793666
v -0.124998 1.907410 0.622222
v 0.000006 2.970600 1.578300
v 0.000005 2.881480 1.363890
v 0.000004 2.731250 1.157810
v 0.000003 2.518520 0.961111
v 0.000003 2.241900 0.774826
v 0.000002 1.900000 0.600000
v 0.125006 2.949290 1.585150
v 0.125005 2.862830 1.375210
v 0.125004 2.716900 1.172050
v 0.125004 2.510010 0.977572
v 0.125003 2.240680 0.793666
v 0.125002 1.907410 0.622222
v 0.200006 2.896000 1.602290
v 0.200005 2.816190 1.403500
v 0.200004 2.681020 1.207640
v 0.200004 2.488750 1.018720
v 0.200003 2.237640 0.840765
v 0.200003 1.925930 0.677777
v 0.225006 2.826740 1.624570
v 0.225005 2.755560 1.440280
v 0.225005 2.634370 1.253910
v 0.225004 2.461110 1.072220
v 0.225003 2.233680 0.901996
v 0.225003 1.950000 0.749999
v 0.200006 2.757470 1.646840
v 0.200005 2.694920 1.477060
v 0.200005 2.587730 1.300170
v 0.200004 2.433470 1.125720
v 0.200004 2.229720 0.963226
v 0.200003 1.974070 0.822221
v 0.125006 2.704180 1.663980
v 0.125006 2.648290 1.505350
v 0.125005 2.551850 1.335760
v 0.125004 2.412210 1.166870
v 0.125004 2.226680 1.010330
v 0.125003 1.992590 0.877778
v 0.000005 -1.700000 1.425000
v -0.274995 -1.700000 1.363890
v -0.262341 -2.072380 1.425210
v 0.000005 -2.058800 1.476390
v -0.230704 -2.290120 1.572020
v 0.000006 -2.270370 1.611110
v -0.189576 -2.409720 1.773610
v 0.000006 -2.387500 1.800000
v -0.148450 -2.487650 1.999280
v 0.000007 -2.462960 2.013890
v -0.116813 -2.580400 2.218310
v 0.000008 -2.549540 2.223610
v 0.000008 -2.700000 2.400000
v -0.104158 -2.744440 2.400000
v -0.439996 -1.700000 1.211110
v -0.419748 -2.106330 1.297250
v -0.369131 -2.339510 1.474280
v -0.303327 -2.465280 1.707640
v -0.237524 -2.549380 1.962760
v -0.186906 -2.657560 2.205070
v -0.166658 -2.855560 2.400000
v -0.494996 -1.700000 1.012500
v -0.472218 -2.150460 1.130900
v -0.415273 -2.403700 1.347220
v -0.341244 -2.537500 1.621870
v -0.267215 -2.629630 1.915280
v -0.210270 -2.757870 2.187850
v -0.187491 -3.000000 2.400000
v -0.439997 -1.700000 0.813891
v -0.419749 -2.194600 0.964560
v -0.369132 -2.467900 1.220160
v -0.303327 -2.609720 1.536110
v -0.237524 -2.709880 1.867800
v -0.186906 -2.858180 2.170630
v -0.166658 -3.144440 2.400000
v -0.274998 -1.700000 0.661112
v -0.262343 -2.228550 0.836601
v -0.230706 -2.517280 1.122430
v -0.189578 -2.665280 1.470140
v -0.148450 -2.771600 1.831280
v -0.116813 -2.935340 2.157380
v -0.104158 -3.255560 2.400000
v 0.000002 -1.700000 0.600000
v 0.000003 -2.242130 0.785417
v 0.000004 -2.537040 1.083330
v 0.000005 -2.687500 1.443750
v 0.000006 -2.796300 1.816670
v 0.000008 -2.966200 2.152080
v 0.000008 -3.300000 2.400000
v 0.275002 -1.700000 0.661110
v 0.262349 -2.228550 0.836599
v 0.230714 -2.517280 1.122430
v 0.189588 -2.665280 1.470140
v 0.148464 -2.771600 1.831280
v 0.116829 -2.935340 2.157380
v 0.104176 -3.255560 2.400000
v 0.440003 -1.700000 0.813887
v 0.419757 -2.194600 0.964556
v 0.369141 -2.467900 1.220160
v 0.303339 -2.609720 1.536110
v 0.237538 -2.709880 1.867800
v 0.186922 -2.858180 2.170630
v 0.166676 -3.144440 2.400000
v 0.495004 -1.700000 1.012500
v 0.472226 -2.150460 1.130900
v 0.415283 -2.403700 1.347220
v 0.341256 -2.537500 1.621870
v 0.267229 -2.629630 1.915280
v 0.210286 -2.757870 2.187850
v 0.187509 -3.000000 2.400000
v 0.440004 -1.700000 1.211110
v 0.419758 -2.106330 1.297250
v 0.369141 -2.339510 1.474280
v 0.303339 -2.465280 1.707640
v 0.237538 -2.549380 1.962760
v 0.186922 -2.657560 2.205070
v 0.166676 -2.855560 2.400000
v 0.275005 -1.700000 1.363890
v 0.262351 -2.072380 1.425210
v 0.230716 -2.290120 1.572020
v 0.189590 -2.409720 1.773610
v 0.148464 -2.487650 1.999280
v 0.116829 -2.580400 2.218310
v 0.104176 -2.744440 2.400000
v 0.000009 -2.749070 2.431250
v -0.101023 -2.796410 2.431930
v 0.000009 -2.792590 2.450000
v -0.092969 -2.839780 2.451230
v 0.000009 -2.825000 2.456250
v -0.082022 -2.869680 2.457810
v -0.070207 -2.881210 2.451540
v 0.000009 -2.840740 2.450000
v -0.059549 -2.869490 2.432310
v 0.000009 -2.834260 2.431250
v -0.052074 -2.829630 2.400000
v 0.000008 -2.800000 2.400000
v -0.161565 -2.914740 2.433610
v -0.148139 -2.957750 2.454320
v -0.129158 -2.981370 2.461720
v -0.107398 -2.982370 2.455400
v -0.085639 -2.957560 2.434960
v -0.066658 -2.903700 2.400000
v -0.181675 -3.068580 2.435810
v -0.165963 -3.111110 2.458330
v -0.142960 -3.126560 2.466800
v -0.115269 -3.113890 2.460420
v -0.085495 -3.072050 2.438410
v -0.056241 -3.000000 2.400000
v -0.161411 -3.222410 2.438000
v -0.146905 -3.264470 2.462350
v -0.124991 -3.271760 2.471870
v -0.097522 -3.245400 2.465430
v -0.066349 -3.186540 2.441860
v -0.033324 -3.096300 2.400000
v -0.100830 -3.340750 2.439690
v -0.091426 -3.382440 2.465430
v -0.076814 -3.383450 2.475780
v -0.057861 -3.346570 2.469290
v -0.035437 -3.274610 2.444510
v -0.010408 -3.170370 2.400000
v 0.000009 -3.388080 2.440360
v 0.000009 -3.429630 2.466670
v 0.000009 -3.428130 2.477340
v 0.000009 -3.387040 2.470830
v 0.000009 -3.309840 2.445570
v 0.000008 -3.200000 2.400000
v 0.101089 -3.340750 2.439690
v 0.093373 -3.382440 2.465430
v 0.083342 -3.383450 2.475780
v 0.073312 -3.346570 2.469290
v 0.065595 -3.274610 2.444510
v 0.062509 -3.170370 2.400000
v 0.161737 -3.222410 2.438000
v 0.149392 -3.264470 2.462350
v 0.133342 -3.271760 2.471870
v 0.117293 -3.245400 2.465430
v 0.104947 -3.186540 2.441860
v 0.100009 -3.096300 2.400000
v 0.181953 -3.068580 2.435810
v 0.168065 -3.111110 2.458330
v 0.150009 -3.126560 2.466800
v 0.131953 -3.113890 2.460420
v 0.118065 -3.072050 2.438410
v 0.112509 -3.000000 2.400000
v 0.161737 -2.914740 2.433610
v 0.149392 -2.957750 2.454320
v 0.133342 -2.981370 2.461720
v 0.117293 -2.982370 2.455400
v 0.104947 -2.957560 2.434960
v 0.100009 -2.903700 2.400000
v 0.101089 -2.796410 2.431930
v 0.093373 -2.839780 2.451230
v 0.083342 -2.869680 2.457810
v 0.073312 -2.881210 2.451540
v 0.065595 -2.869490 2.432310
v 0.062509 -2.829630 2.400000
v 0.000011 -0.278704 3.127080
v 0.000011 0.000000 3.150000
v -0.075067 -0.268946 3.127080
v -0.141920 -0.241285 3.127080
v -0.198129 -0.198140 3.127080
v -0.241274 -0.141931 3.127080
v -0.268935 -0.075078 3.127080
v -0.278693 0.000000 3.127080
v -0.268935 0.075078 3.127080
v -0.241274 0.141931 3.127080
v -0.198129 0.198140 3.127080
v -0.141920 0.241285 3.127080
v -0.075067 0.268946 3.127080
v 0.000011 0.278704 3.127080
v 0.075089 0.268946 3.127080
v 0.141942 0.241285 3.127080
v 0.198151 0.198140 3.127080
v 0.241296 0.141931 3.127080
v 0.268957 0.075078 3.127080
v 0.278715 0.000000 3.127080
v 0.268957 -0.075078 3.127080
v 0.241296 -0.141931 3.127080
v 0.198151 -0.198140 3.127080
v 0.141942 -0.241285 3.127080
v 0.075089 -0.268946 3.127080
v -0.097760 -0.350254 3.066670
v 0.000011 -0.362963 3.066670
v -0.087518 -0.313617 2.981250
v 0.000011 -0.325000 2.981250
v -0.063793 -0.228728 2.883330
v 0.000010 -0.237037 2.883330
v -0.046035 -0.165279 2.785420
v 0.000010 -0.171296 2.785420
v -0.184824 -0.314228 3.066670
v -0.165470 -0.281352 2.981250
v -0.120636 -0.205180 2.883330
v -0.087096 -0.148234 2.785420
v -0.258027 -0.258037 3.066670
v -0.231020 -0.231031 2.981250
v -0.168452 -0.168463 2.883330
v -0.121662 -0.121672 2.785420
v -0.314218 -0.184834 3.066670
v -0.281341 -0.165481 2.981250
v -0.205169 -0.120647 2.883330
v -0.148224 -0.087106 2.785420
v -0.350244 -0.097771 3.066670
v -0.313606 -0.087529 2.981250
v -0.228717 -0.063803 2.883330
v -0.165269 -0.046045 2.785420
v -0.362953 0.000000 3.066670
v -0.324989 0.000000 2.981250
v -0.237026 0.000000 2.883330
v -0.171286 0.000000 2.785420
v -0.350244 0.097771 3.066670
v -0.313606 0.087529 2.981250
v -0.228717 0.063803 2.883330
v -0.165269 0.046045 2.785420
v -0.314218 0.184834 3.066670
v -0.281341 0.165481 2.981250
v -0.205169 0.120647 2.883330
v -0.148224 0.087106 2.785420
v -0.258027 0.258037 3.066670
v -0.231020 0.231031 2.981250
v -0.168452 0.168463 2.883330
v -0.121662 0.121672 2.785420
v -0.184824 0.314228 3.066670
v -0.165470 0.281352 2.981250
v -0.120636 0.205180 2.883330
v -0.087096 0.148234 2.785420
v -0.097760 0.350254 3.066670
v -0.087518 0.313617 2.981250
v -0.063793 0.228728 2.883330
v -0.046035 0.165279 2.785420
v 0.000011 0.362963 3.066670
v 0.000011 0.325000 2.981250
v 0.000010 0.237037 2.883330
v 0.000010 0.171296 2.785420
v 0.097782 0.350254 3.066670
v 0.087540 0.313617 2.981250
v 0.063813 0.228728 2.883330
v 0.046055 0.165279 2.785420
v 0.184844 0.314228 3.066670
v 0.165492 0.281352 2.981250
v 0.120658 0.205180 2.883330
v 0.087116 0.148234 2.785420
v 0.258047 0.258037 3.066670
v 0.231042 0.231031 2.981250
v 0.168474 0.168463 2.883330
v 0.121682 0.121672 2.785420
v 0.314238 0.184834 3.066670
v 0.281363 0.165481 2.981250
v 0.205191 0.120647 2.883330
v 0.148244 0.087106 2.785420
v 0.350264 0.097771 3.066670
v 0.313628 0.087529 2.981250
v 0.228739 0.063803 2.883330
v 0.165289 0.046045 2.785420
v 0.362973 0.000000 3.066670
v 0.325011 0.000000 2.981250
v 0.237048 0.000000 2.883330
v 0.171306 0.000000 2.785420
v 0.350264 -0.097771 3.066670
v 0.313628 -0.087529 2.981250
v 0.228739 -0.063803 2.883330
v 0.165289 -0.046045 2.785420
v 0.314238 -0.184834 3.066670
v 0.281363 -0.165481 2.981250
v 0.205191 -0.120647 2.883330
v 0.148244 -0.087106 2.785420
v 0.258047 -0.258037 3.066670
v 0.231042 -0.231031 2.981250
v 0.168474 -0.168463 2.883330
v 0.121682 -0.121672 2.785420
v 0.184844 -0.314228 3.066670
v 0.165492 -0.281352 2.981250
v 0.120658 -0.205180 2.883330
v 0.087116 -0.148234 2.785420
v 0.097782 -0.350254 3.066670
v 0.087540 -0.313617 2.981250
v 0.063813 -0.228728 2.883330
v 0.046055 -0.165279 2.785420
vn -0.0000 -0.0257 -0.9997
vn -0.0000 -0.0000 -1.0000
vn 0.0066 -0.0248 -0.9997
vn 0.0128 -0.0222 -0.9997
vn 0.0181 -0.0181 -0.9997
vn 0.0222 -0.0128 -0.9997
vn 0.0248 -0.0066 -0.9997
vn 0.0257 -0.0000 -0.9997
vn 0.0248 0.0066 -0.9997
vn 0.0222 0.0128 -0.9997
vn 0.0181 0.0181 -0.9997
vn 0.0128 0.0222 -0.9997
vn 0.0066 0.0248 -0.9997
vn -0.0000 0.0257 -0.9997
vn -0.0066 0.0248 -0.9997
vn -0.0128 0.0222 -0.9997
vn -0.0181 0.0181 -0.9997
vn -0.0222 0.0128 -0.9997
vn -0.0248 0.0066 -0.9997
vn -0.0257 -0.0000 -0.9997
vn -0.0248 -0.0066 -0.9997
vn -0.0222 -0.0128 -0.9997
vn -0.0181 -0.0181 -0.9997
vn -0.0128 -0.0222 -0.9997
vn -0.0066 -0.0248 -0.9997
vn -0.0000 0.9466 -0.3225
vn 0.2455 0.9140 -0.3230
vn 0.2571 0.9586 -0.1222
vn -0.0000 0.9925 -0.1220
vn -0.0000 0.8321 0.5547
vn 0.2153 0.8032 0.5554
vn -0.0000 0.0486 0.9988
vn 0.0127 0.0462 0.9988
vn -0.1409 -0.5254 0.8391
vn -0.0000 -0.5443 0.8389
vn -0.2029 -0.7564 0.6219
vn -0.0000 -0.7835 0.6214
vn -0.2282 -0.8506 0.4738
vn -0.0000 -0.8809 0.4733
vn 0.4742 0.8189 -0.3235
vn 0.4971 0.8590 -0.1224
vn 0.4164 0.7197 0.5556
vn 0.0244 0.0418 0.9988
vn -0.2720 -0.4701 0.8396
vn -0.3920 -0.6772 0.6226
vn -0.4410 -0.7618 0.4745
vn 0.6690 0.6690 -0.3237
vn 0.7018 0.7018 -0.1225
vn 0.5879 0.5879 0.5557
vn 0.0343 0.0343 0.9988
vn -0.3839 -0.3839 0.8398
vn -0.5532 -0.5532 0.6229
vn -0.6223 -0.6223 0.4748
vn 0.8189 0.4742 -0.3235
vn 0.8590 0.4971 -0.1224
vn 0.7197 0.4164 0.5555
vn 0.0418 0.0244 0.9988
vn -0.4701 -0.2720 0.8396
vn -0.6772 -0.3920 0.6226
vn -0.7618 -0.4410 0.4745
vn 0.9140 0.2455 -0.3230
vn 0.9586 0.2571 -0.1223
vn 0.8033 0.2154 0.5552
vn 0.0463 0.0127 0.9988
vn -0.5254 -0.1409 0.8391
vn -0.7563 -0.2029 0.6219
vn -0.8506 -0.2282 0.4738
vn 0.9466 -0.0000 -0.3225
vn 0.9925 -0.0000 -0.1221
vn 0.8322 -0.0000 0.5545
vn 0.0488 -0.0000 0.9988
vn -0.5443 -0.0000 0.8389
vn -0.7835 -0.0000 0.6214
vn -0.8809 -0.0000 0.4733
vn 0.9140 -0.2455 -0.3230
vn 0.9586 -0.2571 -0.1223
vn 0.8033 -0.2154 0.5552
vn 0.0463 -0.0127 0.9988
vn -0.5254 0.1409 0.8391
vn -0.7563 0.2029 0.6219
vn -0.8506 0.2282 0.4738
vn 0.8189 -0.4742 -0.3235
vn 0.8590 -0.4971 -0.1224
vn 0.7197 -0.4164 0.5555
vn 0.0418 -0.0244 0.9988
vn -0.4701 0.2720 0.8396
vn -0.6772 0.3920 0.6226
vn -0.7618 0.4410 0.4745
vn 0.6690 -0.6690 -0.3237
vn 0.7018 -0.7018 -0.1225
vn 0.5879 -0.5879 0.5557
vn 0.0343 -0.0343 0.9988
vn -0.3839 0.3839 0.8398
vn -0.5532 0.5532 0.6229
vn -0.6223 0.6223 0.4748
vn 0.4742 -0.8189 -0.3235
vn 0.4971 -0.8590 -0.1224
vn 0.4164 -0.7197 0.5556
vn 0.0244 -0.0418 0.9988
vn -0.2720 0.4701 0.8396
vn -0.3920 0.6772 0.6226
vn -0.4410 0.7618 0.4745
vn 0.2455 -0.9140 -0.3230
vn 0.2571 -0.9586 -0.1222
vn 0.2153 -0.8032 0.5554
vn 0.0127 -0.0462 0.9988
vn -0.1409 0.5254 0.8391
vn -0.2029 0.7564 0.6219
vn -0.2282 0.8506 0.4738
vn -0.0000 -0.9466 -0.3225
vn -0.0000 -0.9925 -0.1220
vn -0.0000 -0.8321 0.5547
vn -0.0000 -0.0486 0.9988
vn -0.0000 0.5443 0.8389
vn -0.0000 0.7835 0.6214
vn -0.0000 0.8809 0.4733
vn -0.2455 -0.9140 -0.3230
vn -0.2571 -0.9586 -0.1222
vn -0.2153 -0.8032 0.5554
vn -0.0127 -0.0462 0.9988
vn 0.1409 0.5254 0.8391
vn 0.2029 0.7564 0.6219
vn 0.2282 0.8506 0.4738
vn -0.4742 -0.8189 -0.3235
vn -0.4971 -0.8590 -0.1224
vn -0.4164 -0.7197 0.5556
vn -0.0244 -0.0418 0.9988
vn 0.2720 0.4701 0.8396
vn 0.3920 0.6772 0.6226
vn 0.4410 0.7618 0.4745
vn -0.6690 -0.6690 -0.3237
vn -0.7018 -0.7018 -0.1225
vn -0.5879 -0.5879 0.5557
vn -0.0343 -0.0343 0.9988
vn 0.3839 0.3838 0.8398
vn 0.5532 0.5532 0.6229
vn 0.6223 0.6223 0.4748
vn -0.8189 -0.4742 -0.3235
vn -0.8590 -0.4971 -0.1224
vn -0.7197 -0.4164 0.5556
vn -0.0418 -0.0244 0.9988
vn 0.4701 0.2720 0.8396
vn 0.6772 0.3920 0.6226
vn 0.7618 0.4410 0.4745
vn -0.9140 -0.2455 -0.3230
vn -0.9586 -0.2571 -0.1223
vn -0.8033 -0.2154 0.5552
vn -0.0463 -0.0128 0.9988
vn 0.5255 0.1409 0.8390
vn 0.7564 0.2029 0.6219
vn 0.8506 0.2282 0.4738
vn -0.9466 -0.0000 -0.3225
vn -0.9925 -0.0000 -0.1220
vn -0.8321 -0.0000 0.5547
vn -0.0486 -0.0000 0.9988
vn 0.5443 -0.0000 0.8389
vn 0.7835 -0.0000 0.6214
vn 0.8809 -0.0000 0.4733
vn -0.9140 0.2455 -0.3230
vn -0.9586 0.2571 -0.1223
vn -0.8033 0.2154 0.5552
vn -0.0463 0.0128 0.9988
vn 0.5255 -0.1409 0.8390
vn 0.7564 -0.2029 0.6219
vn 0.8506 -0.2282 0.4738
vn -0.8189 0.4742 -0.3235
vn -0.8590 0.4971 -0.1224
vn -0.7197 0.4164 0.5556
vn -0.0418 0.0244 0.9988
vn 0.4701 -0.2720 0.8396
vn 0.6772 -0.3920 0.6226
vn 0.7618 -0.4410 0.4745
vn -0.6690 0.6690 -0.3237
vn -0.7018 0.7018 -0.1225
vn -0.5879 0.5879 0.5557
vn -0.0343 0.0343 0.9988
vn 0.3838 -0.3838 0.8398
vn 0.5532 -0.5532 0.6229
vn 0.6223 -0.6223 0.4748
vn -0.4742 0.8189 -0.3235
vn -0.4971 0.8590 -0.1224
vn -0.4164 0.7197 0.5556
vn -0.0244 0.0418 0.9988
vn 0.2720 -0.4701 0.8396
vn 0.3920 -0.6772 0.6226
vn 0.4410 -0.7618 0.4745
vn -0.2455 0.9140 -0.3230
vn -0.2571 0.9586 -0.1222
vn -0.2153 0.8032 0.5554
vn -0.0127 0.0462 0.9988
vn 0.1409 -0.5254 0.8391
vn 0.2029 -0.7564 0.6219
vn 0.2282 -0.8506 0.4738
vn -0.2353 -0.8771 0.4188
vn -0.0000 -0.9083 0.4183
vn -0.2385 -0.8887 0.3917
vn -0.0000 -0.9203 0.3912
vn -0.2435 -0.9073 0.3428
vn -0.0000 -0.9396 0.3424
vn -0.2499 -0.9311 0.2659
vn -0.0000 -0.9641 0.2656
vn -0.2562 -0.9546 0.1521
vn -0.0000 -0.9884 0.1519
vn -0.2590 -0.9648 -0.0457
vn -0.0000 -0.9990 -0.0457
vn -0.4548 -0.7857 0.4194
vn -0.4608 -0.7961 0.3923
vn -0.4705 -0.8128 0.3434
vn -0.4829 -0.8342 0.2664
vn -0.4951 -0.8553 0.1524
vn -0.5005 -0.8645 -0.0458
vn -0.6418 -0.6418 0.4197
vn -0.6504 -0.6504 0.3925
vn -0.6641 -0.6641 0.3436
vn -0.6815 -0.6815 0.2666
vn -0.6988 -0.6988 0.1525
vn -0.7064 -0.7064 -0.0459
vn -0.7857 -0.4548 0.4194
vn -0.7961 -0.4608 0.3923
vn -0.8128 -0.4705 0.3434
vn -0.8342 -0.4829 0.2664
vn -0.8553 -0.4951 0.1524
vn -0.8645 -0.5005 -0.0458
vn -0.8771 -0.2353 0.4188
vn -0.8887 -0.2385 0.3916
vn -0.9073 -0.2435 0.3428
vn -0.9310 -0.2499 0.2659
vn -0.9546 -0.2562 0.1521
vn -0.9648 -0.2590 -0.0457
vn -0.9083 -0.0000 0.4183
vn -0.9203 -0.0000 0.3912
vn -0.9396 -0.0000 0.3424
vn -0.9641 -0.0000 0.2656
vn -0.9884 -0.0000 0.1519
vn -0.9990 -0.0000 -0.0457
vn -0.8771 0.2353 0.4188
vn -0.8887 0.2385 0.3917
vn -0.9073 0.2435 0.3428
vn -0.9311 0.2499 0.2659
vn -0.9546 0.2562 0.1521
vn -0.9648 0.2590 -0.0457
vn -0.7857 0.4548 0.4194
vn -0.7961 0.4608 0.3923
vn -0.8128 0.4705 0.3434
vn -0.8342 0.4829 0.2664
vn -0.8553 0.4951 0.1524
vn -0.8645 0.5005 -0.0458
vn -0.6418 0.6418 0.4197
vn -0.6504 0.6504 0.3925
vn -0.6641 0.6641 0.3436
vn -0.6815 0.6815 0.2666
vn -0.6988 0.6988 0.1525
vn -0.7064 0.7064 -0.0459
vn -0.4548 0.7857 0.4194
vn -0.4608 0.7961 0.3923
vn -0.4705 0.8128 0.3434
vn -0.4829 0.8342 0.2664
vn -0.4951 0.8553 0.1524
vn -0.5005 0.8645 -0.0458
vn -0.2353 0.8771 0.4188
vn -0.2385 0.8887 0.3916
vn -0.2435 0.9073 0.3428
vn -0.2499 0.9311 0.2659
vn -0.2562 0.9546 0.1521
vn -0.2590 0.9648 -0.0457
vn -0.0000 0.9083 0.4183
vn -0.0000 0.9203 0.3912
vn -0.0000 0.9396 0.3424
vn -0.0000 0.9641 0.2656
vn -0.0000 0.9884 0.1519
vn -0.0000 0.9990 -0.0457
vn 0.2353 0.8771 0.4188
vn 0.2385 0.8887 0.3917
vn 0.2435 0.9073 0.3428
vn 0.2499 0.9311 0.2659
vn 0.2562 0.9546 0.1521
vn 0.2590 0.9648 -0.0457
vn 0.4548 0.7857 0.4194
vn 0.4608 0.7961 0.3923
vn 0.4705 0.8128 0.3434
vn 0.4829 0.8342 0.2664
vn 0.4952 0.8553 0.1524
vn 0.5005 0.8645 -0.0458
vn 0.6418 0.6418 0.4197
vn 0.6504 0.6504 0.3925
vn 0.6641 0.6641 0.3436
vn 0.6815 0.6815 0.2666
vn 0.6988 0.6988 0.1525
vn 0.7064 0.7064 -0.0459
vn 0.7857 0.4548 0.4194
vn 0.7961 0.4608 0.3923
vn 0.8128 0.4705 0.3434
vn 0.8342 0.4829 0.2664
vn 0.8553 0.4952 0.1524
vn 0.8645 0.5005 -0.0458
vn 0.8771 0.2353 0.4188
vn 0.8887 0.2385 0.3916
vn 0.9073 0.2435 0.3428
vn 0.9311 0.2499 0.2659
vn 0.9546 0.2562 0.1521
vn 0.9648 0.2590 -0.0457
vn 0.9083 -0.0000 0.4183
vn 0.9203 -0.0000 0.3912
vn 0.9396 -0.0000 0.3424
vn 0.9641 -0.0000 0.2655
vn 0.9884 -0.0000 0.1519
vn 0.9990 -0.0000 -0.0457
vn 0.8771 -0.2353 0.4188
vn 0.8887 -0.2385 0.3917
vn 0.9073 -0.2435 0.3428
vn 0.9311 -0.2499 0.2659
vn 0.9546 -0.2562 0.1521
vn 0.9648 -0.2590 -0.0457
vn 0.7857 -0.4548 0.4194
vn 0.7961 -0.4608 0.3923
vn 0.8128 -0.4705 0.3434
vn 0.8342 -0.4829 0.2664
vn 0.8553 -0.4952 0.1524
vn 0.8645 -0.5005 -0.0458
vn 0.6418 -0.6418 0.4197
vn 0.6504 -0.6504 0.3925
vn 0.6641 -0.6641 0.3436
vn 0.6815 -0.6815 0.2666
vn 0.6988 -0.6988 0.1525
vn 0.7064 -0.7064 -0.0459
vn 0.4548 -0.7857 0.4194
vn 0.4608 -0.7961 0.3923
vn 0.4705 -0.8128 0.3434
vn 0.4829 -0.8342 0.2664
vn 0.4952 -0.8553 0.1524
vn 0.5005 -0.8645 -0.0458
vn 0.2353 -0.8771 0.4188
vn 0.2385 -0.8887 0.3916
vn 0.2435 -0.9073 0.3428
vn 0.2499 -0.9311 0.2659
vn 0.2562 -0.9546 0.1521
vn 0.2590 -0.9648 -0.0457
vn -0.2450 -0.9128 -0.3266
vn -0.0000 -0.9453 -0.3263
vn -0.2136 -0.7959 -0.5665
vn -0.0000 -0.8244 -0.5660
vn -0.1844 -0.6874 -0.7025
vn -0.0000 -0.7122 -0.7020
vn -0.1690 -0.6302 -0.7578
vn -0.0000 -0.6530 -0.7574
vn -0.1874 -0.6988 -0.6903
vn -0.0000 -0.7240 -0.6898
vn -0.2296 -0.8559 -0.4635
vn -0.0000 -0.8864 -0.4629
vn -0.4735 -0.8178 -0.3272
vn -0.4126 -0.7128 -0.5672
vn -0.3562 -0.6154 -0.7032
vn -0.3265 -0.5641 -0.7584
vn -0.3621 -0.6257 -0.6909
vn -0.4437 -0.7666 -0.4641
vn -0.6681 -0.6681 -0.3274
vn -0.5822 -0.5822 -0.5675
vn -0.5026 -0.5026 -0.7034
vn -0.4607 -0.4607 -0.7587
vn -0.5110 -0.5110 -0.6912
vn -0.6262 -0.6262 -0.4644
vn -0.8178 -0.4735 -0.3272
vn -0.7128 -0.4126 -0.5673
vn -0.6154 -0.3562 -0.7032
vn -0.5641 -0.3265 -0.7584
vn -0.6257 -0.3621 -0.6909
vn -0.7666 -0.4437 -0.4641
vn -0.9128 -0.2450 -0.3266
vn -0.7959 -0.2136 -0.5665
vn -0.6874 -0.1844 -0.7025
vn -0.6302 -0.1690 -0.7578
vn -0.6988 -0.1874 -0.6903
vn -0.8559 -0.2296 -0.4635
vn -0.9453 -0.0000 -0.3263
vn -0.8244 -0.0000 -0.5660
vn -0.7122 -0.0000 -0.7020
vn -0.6530 -0.0000 -0.7574
vn -0.7240 -0.0000 -0.6898
vn -0.8864 -0.0000 -0.4629
vn -0.9128 0.2450 -0.3266
vn -0.7959 0.2136 -0.5665
vn -0.6874 0.1844 -0.7025
vn -0.6302 0.1690 -0.7578
vn -0.6988 0.1874 -0.6903
vn -0.8559 0.2296 -0.4635
vn -0.8178 0.4735 -0.3272
vn -0.7128 0.4126 -0.5673
vn -0.6154 0.3562 -0.7032
vn -0.5641 0.3265 -0.7584
vn -0.6257 0.3621 -0.6909
vn -0.7666 0.4437 -0.4641
vn -0.6681 0.6681 -0.3274
vn -0.5822 0.5822 -0.5675
vn -0.5026 0.5026 -0.7034
vn -0.4607 0.4607 -0.7587
vn -0.5110 0.5110 -0.6912
vn -0.6262 0.6262 -0.4644
vn -0.4735 0.8178 -0.3272
vn -0.4126 0.7128 -0.5672
vn -0.3562 0.6154 -0.7032
vn -0.3265 0.5641 -0.7584
vn -0.3621 0.6257 -0.6909
vn -0.4437 0.7666 -0.4641
vn -0.2450 0.9128 -0.3266
vn -0.2136 0.7959 -0.5665
vn -0.1844 0.6874 -0.7025
vn -0.1690 0.6302 -0.7578
vn -0.1874 0.6988 -0.6903
vn -0.2296 0.8559 -0.4635
vn -0.0000 0.9453 -0.3263
vn -0.0000 0.8244 -0.5660
vn -0.0000 0.7122 -0.7020
vn -0.0000 0.6530 -0.7574
vn -0.0000 0.7240 -0.6898
vn -0.0000 0.8864 -0.4629
vn 0.2450 0.9128 -0.3266
vn 0.2136 0.7959 -0.5665
vn 0.1844 0.6874 -0.7025
vn 0.1690 0.6302 -0.7578
vn 0.1874 0.6988 -0.6903
vn 0.2295 0.8559 -0.4635
vn 0.4735 0.8178 -0.3272
vn 0.4126 0.7127 -0.5673
vn 0.3562 0.6154 -0.7032
vn 0.3265 0.5641 -0.7584
vn 0.3621 0.6257 -0.6909
vn 0.4437 0.7666 -0.4641
vn 0.6681 0.6681 -0.3274
vn 0.5822 0.5822 -0.5675
vn 0.5026 0.5026 -0.7034
vn 0.4606 0.4607 -0.7587
vn 0.5110 0.5110 -0.6912
vn 0.6262 0.6262 -0.4644
vn 0.8178 0.4735 -0.3272
vn 0.7127 0.4126 -0.5673
vn 0.6154 0.3562 -0.7032
vn 0.5641 0.3265 -0.7585
vn 0.6257 0.3621 -0.6909
vn 0.7666 0.4437 -0.4641
vn 0.9128 0.2450 -0.3266
vn 0.7959 0.2136 -0.5665
vn 0.6874 0.1844 -0.7025
vn 0.6302 0.1690 -0.7578
vn 0.6988 0.1874 -0.6903
vn 0.8559 0.2296 -0.4635
vn 0.9453 -0.0000 -0.3263
vn 0.8244 -0.0000 -0.5660
vn 0.7122 -0.0000 -0.7020
vn 0.6530 -0.0000 -0.7574
vn 0.7240 -0.0000 -0.6898
vn 0.8864 -0.0000 -0.4629
vn 0.9128 -0.2450 -0.3266
vn 0.7959 -0.2136 -0.5665
vn 0.6874 -0.1844 -0.7025
vn 0.6302 -0.1690 -0.7578
vn 0.6988 -0.1874 -0.6903
vn 0.8559 -0.2296 -0.4635
vn 0.8178 -0.4735 -0.3272
vn 0.7127 -0.4126 -0.5673
vn 0.6154 -0.3562 -0.7032
vn 0.5641 -0.3265 -0.7585
vn 0.6257 -0.3621 -0.6909
vn 0.7666 -0.4437 -0.4641
vn 0.6681 -0.6681 -0.3274
vn 0.5822 -0.5822 -0.5675
vn 0.5026 -0.5026 -0.7034
vn 0.4606 -0.4607 -0.7587
vn 0.5110 -0.5110 -0.6912
vn 0.6262 -0.6262 -0.4644
vn 0.4735 -0.8178 -0.3272
vn 0.4126 -0.7127 -0.5673
vn 0.3562 -0.6154 -0.7032
vn 0.3265 -0.5641 -0.7584
vn 0.3621 -0.6257 -0.6909
vn 0.4437 -0.7666 -0.4641
vn 0.2450 -0.9128 -0.3266
vn 0.2136 -0.7959 -0.5665
vn 0.1844 -0.6874 -0.7025
vn 0.1690 -0.6302 -0.7578
vn 0.1874 -0.6988 -0.6903
vn 0.2295 -0.8559 -0.4635
vn -0.0000 -0.0687 -0.9976
vn 0.0177 -0.0663 -0.9976
vn -0.0000 -0.1572 -0.9876
vn 0.0406 -0.1517 -0.9876
vn -0.0000 -0.3732 -0.9278
vn 0.0965 -0.3601 -0.9279
vn -0.0000 -0.7892 -0.6142
vn 0.2045 -0.7620 -0.6144
vn 0.0343 -0.0593 -0.9977
vn 0.0785 -0.1356 -0.9876
vn 0.1864 -0.3222 -0.9282
vn 0.3950 -0.6823 -0.6151
vn 0.0484 -0.0484 -0.9977
vn 0.1107 -0.1107 -0.9877
vn 0.2630 -0.2630 -0.9283
vn 0.5573 -0.5573 -0.6154
vn 0.0593 -0.0343 -0.9977
vn 0.1356 -0.0785 -0.9876
vn 0.3222 -0.1864 -0.9282
vn 0.6823 -0.3950 -0.6151
vn 0.0663 -0.0177 -0.9976
vn 0.1517 -0.0406 -0.9876
vn 0.3601 -0.0965 -0.9279
vn 0.7620 -0.2045 -0.6144
vn 0.0687 -0.0000 -0.9976
vn 0.1572 -0.0000 -0.9876
vn 0.3732 -0.0000 -0.9278
vn 0.7892 -0.0000 -0.6142
vn 0.0663 0.0177 -0.9976
vn 0.1517 0.0406 -0.9876
vn 0.3601 0.0965 -0.9279
vn 0.7620 0.2045 -0.6144
vn 0.0593 0.0343 -0.9977
vn 0.1356 0.0785 -0.9876
vn 0.3222 0.1864 -0.9282
vn 0.6823 0.3950 -0.6151
vn 0.0484 0.0484 -0.9977
vn 0.1107 0.1107 -0.9877
vn 0.2630 0.2630 -0.9283
vn 0.5573 0.5573 -0.6154
vn 0.0343 0.0593 -0.9977
vn 0.0785 0.1356 -0.9876
vn 0.1864 0.3222 -0.9282
vn 0.3950 0.6823 -0.6151
vn 0.0177 0.0663 -0.9976
vn 0.0406 0.1517 -0.9876
vn 0.0965 0.3601 -0.9279
vn 0.2045 0.7620 -0.6144
vn -0.0000 0.0687 -0.9976
vn -0.0000 0.1572 -0.9876
vn -0.0000 0.3732 -0.9278
vn -0.0000 0.7892 -0.6142
vn -0.0178 0.0663 -0.9976
vn -0.0406 0.1517 -0.9876
vn -0.0965 0.3601 -0.9279
vn -0.2045 0.7620 -0.6144
vn -0.0343 0.0593 -0.9977
vn -0.0785 0.1356 -0.9876
vn -0.1864 0.3222 -0.9282
vn -0.3950 0.6823 -0.6151
vn -0.0484 0.0484 -0.9977
vn -0.1107 0.1107 -0.9877
vn -0.2630 0.2630 -0.9283
vn -0.5573 0.5573 -0.6154
vn -0.0593 0.0343 -0.9977
vn -0.1356 0.0785 -0.9876
vn -0.3222 0.1864 -0.9282
vn -0.6823 0.3950 -0.6151
vn -0.0663 0.0177 -0.9976
vn -0.1517 0.0406 -0.9876
vn -0.3602 0.0965 -0.9279
vn -0.7620 0.2045 -0.6144
vn -0.0687 -0.0000 -0.9976
vn -0.1572 -0.0000 -0.9876
vn -0.3732 -0.0000 -0.9278
vn -0.7892 -0.0000 -0.6142
vn -0.0663 -0.0177 -0.9976
vn -0.1517 -0.0406 -0.9876
vn -0.3602 -0.0965 -0.9279
vn -0.7620 -0.2045 -0.6144
vn -0.0593 -0.0343 -0.9977
vn -0.1356 -0.0785 -0.9876
vn -0.3222 -0.1864 -0.9282
vn -0.6823 -0.3950 -0.6151
vn -0.0484 -0.0484 -0.9977
vn -0.1107 -0.1107 -0.9877
vn -0.2630 -0.2630 -0.9283
vn -0.5573 -0.5573 -0.6154
vn -0.0343 -0.0593 -0.9977
vn -0.0785 -0.1356 -0.9876
vn -0.1864 -0.3222 -0.9282
vn -0.3950 -0.6823 -0.6151
vn -0.0178 -0.0663 -0.9976
vn -0.0406 -0.1517 -0.9876
vn -0.0965 -0.3601 -0.9279
vn -0.2045 -0.7620 -0.6144
vn -0.1856 -0.6922 0.6975
vn -0.0000 -0.7171 0.6970
vn -0.2451 -0.9156 0.3188
vn -0.0000 -0.9479 0.3185
vn -0.3588 -0.6201 0.6977
vn -0.4744 -0.8205 0.3190
vn -0.5066 -0.5066 0.6977
vn -0.6702 -0.6702 0.3191
vn -0.6201 -0.3588 0.6977
vn -0.8205 -0.4744 0.3190
vn -0.6922 -0.1856 0.6975
vn -0.9156 -0.2451 0.3188
vn -0.7171 -0.0000 0.6970
vn -0.9479 -0.0000 0.3185
vn -0.6922 0.1856 0.6975
vn -0.9156 0.2451 0.3188
vn -0.6201 0.3588 0.6977
vn -0.8205 0.4744 0.3190
vn -0.5066 0.5066 0.6977
vn -0.6702 0.6702 0.3191
vn -0.3588 0.6201 0.6977
vn -0.4744 0.8205 0.3190
vn -0.1856 0.6922 0.6975
vn -0.2451 0.9156 0.3188
vn -0.0000 0.7171 0.6970
vn -0.0000 0.9479 0.3185
vn 0.1856 0.6922 0.6975
vn 0.2451 0.9156 0.3188
vn 0.3588 0.6201 0.6977
vn 0.4744 0.8205 0.3190
vn 0.5066 0.5066 0.6977
vn 0.6702 0.6702 0.3191
vn 0.6201 0.3588 0.6977
vn 0.8205 0.4744 0.3190
vn 0.6922 0.1856 0.6975
vn 0.9156 0.2451 0.3188
vn 0.7171 -0.0000 0.6970
vn 0.9479 -0.0000 0.3185
vn 0.6922 -0.1856 0.6975
vn 0.9156 -0.2451 0.3188
vn 0.6201 -0.3588 0.6977
vn 0.8205 -0.4744 0.3190
vn 0.5066 -0.5066 0.6977
vn 0.6702 -0.6702 0.3191
vn 0.3588 -0.6201 0.6977
vn 0.4744 -0.8205 0.3190
vn 0.1856 -0.6922 0.6975
vn 0.2451 -0.9156 0.3188
vn -0.0757 -0.2821 0.9564
vn -0.0000 -0.2925 0.9563
vn -0.0460 -0.1716 0.9841
vn -0.0000 -0.1780 0.9840
vn -0.0411 -0.1533 0.9873
vn -0.0000 -0.1589 0.9873
vn -0.0563 -0.2101 0.9761
vn -0.0000 -0.2177 0.9760
vn -0.1306 -0.4872 0.8635
vn -0.0000 -0.5047 0.8633
vn -0.1782 -0.6628 0.7273
vn -0.0000 -0.6869 0.7267
vn -0.1461 -0.2524 0.9565
vn -0.0889 -0.1535 0.9841
vn -0.0793 -0.1371 0.9874
vn -0.1087 -0.1879 0.9762
vn -0.2522 -0.4359 0.8639
vn -0.3437 -0.5933 0.7279
vn -0.2061 -0.2061 0.9566
vn -0.1253 -0.1253 0.9842
vn -0.1119 -0.1119 0.9874
vn -0.1534 -0.1534 0.9762
vn -0.3559 -0.3559 0.8641
vn -0.4847 -0.4847 0.7281
vn -0.2524 -0.1461 0.9565
vn -0.1535 -0.0889 0.9841
vn -0.1371 -0.0793 0.9874
vn -0.1879 -0.1087 0.9762
vn -0.4359 -0.2522 0.8639
vn -0.5933 -0.3437 0.7279
vn -0.2821 -0.0757 0.9564
vn -0.1716 -0.0460 0.9841
vn -0.1533 -0.0411 0.9873
vn -0.2101 -0.0563 0.9761
vn -0.4872 -0.1306 0.8635
vn -0.6628 -0.1782 0.7273
vn -0.2925 -0.0000 0.9563
vn -0.1780 -0.0000 0.9840
vn -0.1589 -0.0000 0.9873
vn -0.2177 -0.0000 0.9760
vn -0.5047 -0.0000 0.8633
vn -0.6869 -0.0000 0.7267
vn -0.2821 0.0757 0.9564
vn -0.1716 0.0460 0.9841
vn -0.1533 0.0411 0.9873
vn -0.2101 0.0563 0.9761
vn -0.4872 0.1306 0.8635
vn -0.6628 0.1782 0.7273
vn -0.2524 0.1461 0.9565
vn -0.1535 0.0889 0.9841
vn -0.1371 0.0793 0.9874
vn -0.1879 0.1087 0.9762
vn -0.4359 0.2522 0.8639
vn -0.5933 0.3437 0.7279
vn -0.2061 0.2061 0.9566
vn -0.1253 0.1253 0.9842
vn -0.1119 0.1119 0.9874
vn -0.1534 0.1534 0.9762
vn -0.3559 0.3559 0.8641
vn -0.4847 0.4847 0.7281
vn -0.1461 0.2524 0.9565
vn -0.0889 0.1535 0.9841
vn -0.0793 0.1371 0.9874
vn -0.1087 0.1879 0.9762
vn -0.2522 0.4359 0.8639
vn -0.3437 0.5933 0.7279
vn -0.0757 0.2821 0.9564
vn -0.0460 0.1716 0.9841
vn -0.0411 0.1533 0.9873
vn -0.0563 0.2101 0.9761
vn -0.1306 0.4872 0.8635
vn -0.1782 0.6628 0.7273
vn -0.0000 0.2925 0.9563
vn -0.0000 0.1780 0.9840
vn -0.0000 0.1589 0.9873
vn -0.0000 0.2177 0.9760
vn -0.0000 0.5047 0.8633
vn -0.0000 0.6869 0.7267
vn 0.0757 0.2821 0.9564
vn 0.0460 0.1716 0.9841
vn 0.0411 0.1533 0.9873
vn 0.0563 0.2101 0.9761
vn 0.1306 0.4872 0.8635
vn 0.1782 0.6628 0.7273
vn 0.1461 0.2524 0.9565
vn 0.0889 0.1535 0.9841
vn 0.0793 0.1371 0.9874
vn 0.1087 0.1879 0.9762
vn 0.2522 0.4359 0.8639
vn 0.3437 0.5933 0.7279
vn 0.2061 0.2061 0.9566
vn 0.1253 0.1253 0.9842
vn 0.1119 0.1119 0.9874
vn 0.1534 0.1534 0.9762
vn 0.3559 0.3559 0.8641
vn 0.4847 0.4847 0.7281
vn 0.2524 0.1461 0.9565
vn 0.1535 0.0889 0.9841
vn 0.1371 0.0793 0.9874
vn 0.1879 0.1087 0.9762
vn 0.4359 0.2522 0.8639
vn 0.5933 0.3437 0.7279
vn 0.2821 0.0757 0.9564
vn 0.1716 0.0460 0.9841
vn 0.1533 0.0411 0.9873
vn 0.2101 0.0563 0.9761
vn 0.4872 0.1306 0.8635
vn 0.6628 0.1782 0.7273
vn 0.2925 -0.0000 0.9563
vn 0.1780 -0.0000 0.9840
vn 0.1589 -0.0000 0.9873
vn 0.2177 -0.0000 0.9760
vn 0.5047 -0.0000 0.8633
vn 0.6869 -0.0000 0.7267
vn 0.2821 -0.0757 0.9564
vn 0.1716 -0.0460 0.9841
vn 0.1533 -0.0411 0.9873
vn 0.2101 -0.0563 0.9761
vn 0.4872 -0.1306 0.8635
vn 0.6628 -0.1782 0.7273
vn 0.2524 -0.1461 0.9565
vn 0.1535 -0.0889 0.9841
vn 0.1371 -0.0793 0.9874
vn 0.1879 -0.1087 0.9762
vn 0.4359 -0.2522 0.8639
vn 0.5933 -0.3437 0.7279
vn 0.2061 -0.2061 0.9566
vn 0.1253 -0.1253 0.9842
vn 0.1119 -0.1119 0.9874
vn 0.1534 -0.1534 0.9762
vn 0.3559 -0.3559 0.8641
vn 0.4847 -0.4847 0.7281
vn 0.1461 -0.2524 0.9565
vn 0.0889 -0.1535 0.9841
vn 0.0793 -0.1371 0.9874
vn 0.1087 -0.1879 0.9762
vn 0.2522 -0.4359 0.8639
vn 0.3437 -0.5933 0.7279
vn 0.0757 -0.2821 0.9564
vn 0.0460 -0.1716 0.9841
vn 0.0411 -0.1533 0.9873
vn 0.0563 -0.2101 0.9761
vn 0.1306 -0.4872 0.8635
vn 0.1782 -0.6628 0.7273
vn -0.0000 -0.0153 -0.9999
vn -0.0000 -0.0033 -1.0000
vn -0.3139 -0.0152 -0.9493
vn -0.3287 -0.0033 -0.9444
vn -0.0000 -0.0589 -0.9983
vn -0.3140 -0.0580 -0.9476
vn -0.3182 -0.1584 -0.9347
vn -0.0000 -0.1598 -0.9872
vn -0.3448 -0.3740 -0.8610
vn -0.0000 -0.3916 -0.9201
vn -0.4061 -0.7268 -0.5539
vn -0.0000 -0.7846 -0.6200
vn -0.4103 -0.9082 -0.0828
vn -0.0000 -0.9950 -0.0998
vn -0.7337 -0.0119 -0.6794
vn -0.7715 -0.0024 -0.6362
vn -0.7369 -0.0465 -0.6744
vn -0.7503 -0.1260 -0.6490
vn -0.7817 -0.2701 -0.5622
vn -0.8296 -0.4601 -0.3163
vn -0.8254 -0.5631 -0.0412
vn -1.0000 -0.0002 0.0042
vn -0.9936 0.0005 0.1133
vn -0.9999 -0.0035 0.0140
vn -0.9993 -0.0059 0.0359
vn -0.9982 0.0078 0.0588
vn -0.9981 0.0465 0.0416
vn -0.9992 0.0392 0.0031
vn -0.7308 0.0142 0.6824
vn -0.6858 0.0032 0.7278
vn -0.7310 0.0554 0.6801
vn -0.7400 0.1500 0.6557
vn -0.7593 0.3225 0.5652
vn -0.7818 0.5376 0.3158
vn -0.7906 0.6115 0.0300
vn -0.3133 0.0206 0.9494
vn -0.2973 0.0043 0.9548
vn -0.3165 0.0827 0.9450
vn -0.3329 0.2296 0.9146
vn -0.3605 0.5023 0.7859
vn -0.3826 0.8106 0.4432
vn -0.3870 0.9212 0.0397
vn -0.0000 0.0219 0.9998
vn -0.0000 0.0045 1.0000
vn -0.0000 0.0877 0.9961
vn -0.0000 0.2462 0.9692
vn -0.0000 0.5492 0.8357
vn -0.0000 0.8811 0.4730
vn -0.0000 0.9991 0.0415
vn 0.2973 0.0043 0.9548
vn 0.3133 0.0206 0.9494
vn 0.3165 0.0827 0.9450
vn 0.3329 0.2296 0.9146
vn 0.3605 0.5024 0.7859
vn 0.3826 0.8106 0.4432
vn 0.3870 0.9212 0.0397
vn 0.6858 0.0032 0.7278
vn 0.7308 0.0142 0.6824
vn 0.7310 0.0554 0.6801
vn 0.7400 0.1500 0.6557
vn 0.7593 0.3225 0.5652
vn 0.7818 0.5377 0.3158
vn 0.7906 0.6115 0.0300
vn 0.9936 0.0005 0.1133
vn 1.0000 -0.0002 0.0042
vn 0.9999 -0.0035 0.0140
vn 0.9993 -0.0059 0.0359
vn 0.9982 0.0078 0.0588
vn 0.9981 0.0465 0.0416
vn 0.9992 0.0392 0.0031
vn 0.7715 -0.0024 -0.6362
vn 0.7337 -0.0119 -0.6794
vn 0.7369 -0.0465 -0.6744
vn 0.7503 -0.1260 -0.6490
vn 0.7817 -0.2701 -0.5622
vn 0.8296 -0.4601 -0.3163
vn 0.8254 -0.5631 -0.0412
vn 0.3287 -0.0033 -0.9444
vn 0.3139 -0.0152 -0.9493
vn 0.3140 -0.0580 -0.9476
vn 0.3182 -0.1584 -0.9347
vn 0.3448 -0.3740 -0.8610
vn 0.4061 -0.7268 -0.5539
vn 0.4103 -0.9082 -0.0828
vn -0.4011 -0.8905 0.2148
vn -0.0000 -0.9729 0.2310
vn -0.3905 -0.8366 0.3841
vn -0.0000 -0.9125 0.4090
vn -0.3651 -0.7652 0.5302
vn -0.0000 -0.8288 0.5595
vn -0.3314 -0.6711 0.6632
vn -0.0000 -0.7190 0.6950
vn -0.3090 -0.5495 0.7763
vn -0.0000 -0.5809 0.8140
vn -0.3352 -0.4612 0.8215
vn -0.0000 -0.4971 0.8677
vn -0.8168 -0.5597 0.1397
vn -0.8095 -0.5286 0.2555
vn -0.7910 -0.4949 0.3598
vn -0.7635 -0.4452 0.4679
vn -0.7382 -0.3761 0.5600
vn -0.7992 -0.2873 0.5279
vn -0.9997 0.0246 -0.0057
vn -0.9997 0.0209 -0.0122
vn -0.9998 0.0145 -0.0145
vn -0.9999 0.0098 -0.0133
vn -0.9998 0.0148 -0.0139
vn -0.9752 0.1018 -0.1967
vn -0.7958 0.5855 -0.1547
vn -0.7905 0.5385 -0.2917
vn -0.7716 0.4872 -0.4089
vn -0.7446 0.4284 -0.5120
vn -0.7265 0.3608 -0.5848
vn -0.6278 0.3573 -0.6916
vn -0.3904 0.8891 -0.2389
vn -0.3841 0.8070 -0.4485
vn -0.3638 0.7010 -0.6134
vn -0.3360 0.5905 -0.7338
vn -0.3153 0.4862 -0.8150
vn -0.2725 0.4401 -0.8556
vn -0.0000 0.9655 -0.2605
vn -0.0000 0.8721 -0.4893
vn -0.0000 0.7483 -0.6634
vn -0.0000 0.6218 -0.7832
vn -0.0000 0.5076 -0.8616
vn -0.0000 0.4570 -0.8895
vn 0.3904 0.8891 -0.2389
vn 0.3841 0.8070 -0.4485
vn 0.3638 0.7010 -0.6134
vn 0.3360 0.5905 -0.7338
vn 0.3153 0.4862 -0.8150
vn 0.2724 0.4401 -0.8556
vn 0.7958 0.5855 -0.1547
vn 0.7905 0.5385 -0.2917
vn 0.7716 0.4872 -0.4089
vn 0.7446 0.4284 -0.5120
vn 0.7265 0.3608 -0.5848
vn 0.6277 0.3573 -0.6916
vn 0.9997 0.0246 -0.0058
vn 0.9997 0.0209 -0.0122
vn 0.9998 0.0145 -0.0145
vn 0.9999 0.0098 -0.0133
vn 0.9998 0.0148 -0.0139
vn 0.9752 0.1018 -0.1967
vn 0.8168 -0.5597 0.1397
vn 0.8095 -0.5286 0.2555
vn 0.7910 -0.4949 0.3598
vn 0.7635 -0.4452 0.4679
vn 0.7382 -0.3761 0.5600
vn 0.7992 -0.2873 0.5279
vn 0.4011 -0.8905 0.2148
vn 0.3905 -0.8366 0.3841
vn 0.3651 -0.7652 0.5302
vn 0.3314 -0.6711 0.6632
vn 0.3090 -0.5495 0.7763
vn 0.3352 -0.4612 0.8215
vn -0.0000 0.1499 0.9887
vn -0.4691 0.1370 0.8724
vn -0.4529 0.2978 0.8404
vn -0.0000 0.3505 0.9366
vn -0.4216 0.6175 0.6640
vn -0.0000 0.7155 0.6986
vn -0.3939 0.8013 0.4502
vn -0.0000 0.9009 0.4341
vn -0.4124 0.8280 0.3798
vn -0.0000 0.9293 0.3693
vn -0.4634 0.7292 0.5035
vn -0.0000 0.8579 0.5138
vn -0.0000 0.6631 0.7485
vn -0.4962 0.5315 0.6865
vn -0.8683 0.0667 0.4915
vn -0.8561 0.1179 0.5032
vn -0.8428 0.2543 0.4744
vn -0.8195 0.4111 0.3992
vn -0.8179 0.4594 0.3465
vn -0.8333 0.3859 0.3958
vn -0.8299 0.2707 0.4879
vn -0.9971 -0.0627 -0.0435
vn -0.9907 -0.1359 -0.0025
vn -0.9641 -0.2480 0.0952
vn -0.9628 -0.2093 0.1707
vn -0.9792 -0.0962 0.1786
vn -0.9880 -0.0096 0.1543
vn -0.9884 0.0001 0.1520
vn -0.8150 -0.2026 -0.5429
vn -0.8004 -0.3601 -0.4792
vn -0.7388 -0.6120 -0.2822
vn -0.7261 -0.6792 -0.1068
vn -0.8080 -0.5839 -0.0785
vn -0.8920 -0.4027 -0.2053
vn -0.8984 -0.2795 -0.3387
vn -0.4270 -0.2941 -0.8551
vn -0.4129 -0.4884 -0.7687
vn -0.3645 -0.7846 -0.5015
vn -0.3503 -0.8939 -0.2796
vn -0.4202 -0.8614 -0.2853
vn -0.4963 -0.6794 -0.5405
vn -0.4696 -0.4584 -0.7546
vn -0.0000 -0.3208 -0.9471
vn -0.0000 -0.5251 -0.8510
vn -0.0000 -0.8276 -0.5613
vn -0.0000 -0.9434 -0.3316
vn -0.0000 -0.9336 -0.3584
vn -0.0000 -0.7564 -0.6542
vn -0.0001 -0.4919 -0.8706
vn 0.4270 -0.2941 -0.8551
vn 0.4129 -0.4884 -0.7687
vn 0.3645 -0.7846 -0.5015
vn 0.3503 -0.8939 -0.2796
vn 0.4202 -0.8614 -0.2853
vn 0.4963 -0.6794 -0.5405
vn 0.4684 -0.4579 -0.7556
vn 0.8150 -0.2026 -0.5429
vn 0.8004 -0.3601 -0.4792
vn 0.7388 -0.6120 -0.2822
vn 0.7261 -0.6792 -0.1068
vn 0.8080 -0.5839 -0.0785
vn 0.8920 -0.4027 -0.2053
vn 0.8972 -0.2792 -0.3422
vn 0.9971 -0.0627 -0.0435
vn 0.9907 -0.1359 -0.0025
vn 0.9641 -0.2480 0.0952
vn 0.9628 -0.2093 0.1707
vn 0.9792 -0.0962 0.1786
vn 0.9880 -0.0096 0.1543
vn 0.9888 0.0005 0.1494
vn 0.8683 0.0667 0.4915
vn 0.8561 0.1179 0.5032
vn 0.8428 0.2543 0.4743
vn 0.8195 0.4111 0.3992
vn 0.8179 0.4594 0.3465
vn 0.8334 0.3859 0.3957
vn 0.8302 0.2710 0.4872
vn 0.4691 0.1370 0.8724
vn 0.4529 0.2978 0.8404
vn 0.4216 0.6175 0.6640
vn 0.3939 0.8013 0.4502
vn 0.4124 0.8281 0.3798
vn 0.4634 0.7292 0.5035
vn 0.4962 0.5315 0.6865
vn -0.0000 0.4807 0.8769
vn -0.4236 0.3947 0.8154
vn -0.0001 0.3208 0.9472
vn -0.2911 0.2553 0.9220
vn 0.0007 -0.0027 1.0000
vn 0.0076 0.0072 0.9999
vn 0.6077 -0.3668 0.7044
vn 0.0164 -0.8532 0.5212
vn 0.8088 -0.5675 -0.1541
vn 0.0250 -0.8038 -0.5944
vn 0.5664 -0.5809 -0.5845
vn 0.0210 -0.6738 -0.7387
vn -0.7416 0.2068 0.6382
vn -0.4900 0.1295 0.8621
vn -0.0267 0.0345 0.9990
vn 0.4889 -0.0416 0.8713
vn 0.8261 -0.1035 0.5539
vn 0.9663 -0.1897 0.1742
vn -0.9463 -0.0201 0.3226
vn -0.6623 -0.0220 0.7489
vn -0.0922 0.0257 0.9954
vn 0.3590 0.0566 0.9316
vn 0.6192 0.0707 0.7820
vn 0.7557 0.0664 0.6515
vn -0.9434 -0.2818 -0.1750
vn -0.8428 -0.3039 0.4442
vn -0.1754 -0.0353 0.9839
vn 0.2805 0.1099 0.9535
vn 0.5090 0.1496 0.8477
vn 0.6118 0.1456 0.7775
vn -0.5611 -0.4672 -0.6832
vn -0.7146 -0.6995 0.0044
vn -0.2774 -0.3549 0.8928
vn 0.1746 0.1744 0.9691
vn 0.3690 0.2530 0.8943
vn 0.5572 0.1915 0.8080
vn -0.0016 -0.4954 -0.8687
vn -0.0110 -0.9339 -0.3573
vn -0.0134 -0.7042 0.7098
vn 0.0066 0.2056 0.9786
vn 0.0412 0.3224 0.9457
vn 0.2474 0.3150 0.9163
vn 0.5421 -0.4591 -0.7038
vn 0.7138 -0.6937 -0.0965
vn 0.3363 -0.4087 0.8484
vn -0.1802 0.1983 0.9634
vn -0.3411 0.3068 0.8885
vn -0.4825 0.3360 0.8089
vn 0.9363 -0.2771 -0.2158
vn 0.8853 -0.3062 0.3499
vn 0.2318 -0.0563 0.9711
vn -0.3826 0.1468 0.9122
vn -0.6839 0.2026 0.7008
vn -0.8813 0.1594 0.4448
vn 0.9538 -0.0169 0.3001
vn 0.7120 -0.0194 0.7019
vn 0.0931 0.0237 0.9954
vn -0.5567 0.0474 0.8294
vn -0.9221 0.0153 0.3866
vn -0.9967 -0.0807 0.0014
vn 0.7458 0.2100 0.6322
vn 0.5100 0.1374 0.8491
vn 0.0049 0.0235 0.9997
vn -0.6786 -0.1205 0.7246
vn -0.9654 -0.2608 0.0066
vn -0.8572 -0.3415 -0.3855
vn 0.4239 0.3955 0.8148
vn 0.2930 0.2580 0.9206
vn -0.0117 -0.0050 0.9999
vn -0.6500 -0.4666 0.5998
vn -0.6727 -0.6220 -0.4009
vn -0.4696 -0.5849 -0.6614
vn -0.0000 -0.3638 0.9315
vn -0.0000 -0.0000 1.0000
vn -0.0935 -0.3515 0.9315
vn -0.1813 -0.3144 0.9318
vn -0.2564 -0.2564 0.9319
vn -0.3144 -0.1813 0.9318
vn -0.3515 -0.0935 0.9315
vn -0.3638 -0.0000 0.9315
vn -0.3515 0.0935 0.9315
vn -0.3144 0.1813 0.9318
vn -0.2564 0.2564 0.9319
vn -0.1813 0.3144 0.9318
vn -0.0935 0.3515 0.9315
vn -0.0000 0.3638 0.9315
vn 0.0935 0.3515 0.9315
vn 0.1813 0.3144 0.9318
vn 0.2564 0.2564 0.9319
vn 0.3144 0.1813 0.9318
vn 0.3515 0.0935 0.9315
vn 0.3638 -0.0000 0.9315
vn 0.3515 -0.0935 0.9315
vn 0.3144 -0.1813 0.9318
vn 0.2564 -0.2564 0.9319
vn 0.1813 -0.3144 0.9318
vn 0.0935 -0.3515 0.9315
vn -0.2502 -0.9354 0.2498
vn -0.0000 -0.9683 0.2499
vn -0.2173 -0.8140 -0.5387
vn -0.0000 -0.8429 -0.5381
vn -0.2029 -0.7595 -0.6180
vn -0.0000 -0.7868 -0.6172
vn -0.2142 -0.8016 -0.5582
vn -0.0000 -0.8302 -0.5574
vn -0.4844 -0.8384 0.2498
vn -0.4209 -0.7291 -0.5397
vn -0.3927 -0.6800 -0.6191
vn -0.4146 -0.7178 -0.5594
vn -0.6847 -0.6847 0.2499
vn -0.5951 -0.5951 -0.5402
vn -0.5550 -0.5550 -0.6195
vn -0.5859 -0.5859 -0.5599
vn -0.8384 -0.4844 0.2498
vn -0.7291 -0.4209 -0.5397
vn -0.6800 -0.3927 -0.6191
vn -0.7178 -0.4146 -0.5594
vn -0.9354 -0.2502 0.2498
vn -0.8140 -0.2173 -0.5387
vn -0.7595 -0.2029 -0.6180
vn -0.8016 -0.2142 -0.5582
vn -0.9683 -0.0000 0.2499
vn -0.8429 -0.0000 -0.5381
vn -0.7868 -0.0000 -0.6172
vn -0.8302 -0.0000 -0.5574
vn -0.9354 0.2502 0.2498
vn -0.8140 0.2173 -0.5387
vn -0.7595 0.2029 -0.6180
vn -0.8016 0.2142 -0.5582
vn -0.8384 0.4844 0.2498
vn -0.7291 0.4209 -0.5397
vn -0.6800 0.3927 -0.6191
vn -0.7178 0.4146 -0.5594
vn -0.6847 0.6847 0.2499
vn -0.5951 0.5951 -0.5402
vn -0.5550 0.5550 -0.6195
vn -0.5859 0.5859 -0.5599
vn -0.4844 0.8384 0.2498
vn -0.4209 0.7291 -0.5397
vn -0.3927 0.6800 -0.6191
vn -0.4146 0.7178 -0.5594
vn -0.2502 0.9354 0.2498
vn -0.2173 0.8140 -0.5387
vn -0.2029 0.7595 -0.6180
vn -0.2142 0.8016 -0.5582
vn -0.0000 0.9683 0.2499
vn -0.0000 0.8429 -0.5381
vn -0.0000 0.7868 -0.6172
vn -0.0000 0.8302 -0.5574
vn 0.2502 0.9354 0.2498
vn 0.2173 0.8140 -0.5387
vn 0.2029 0.7595 -0.6180
vn 0.2142 0.8016 -0.5582
vn 0.4844 0.8384 0.2498
vn 0.4209 0.7291 -0.5397
vn 0.3927 0.6800 -0.6191
vn 0.4146 0.7178 -0.5594
vn 0.6847 0.6847 0.2499
vn 0.5951 0.5951 -0.5402
vn 0.5550 0.5550 -0.6196
vn 0.5859 0.5859 -0.5599
vn 0.8384 0.4844 0.2498
vn 0.7291 0.4209 -0.5397
vn 0.6800 0.3927 -0.6191
vn 0.7178 0.4146 -0.5594
vn 0.9354 0.2502 0.2498
vn 0.8140 0.2173 -0.5387
vn 0.7595 0.2029 -0.6180
vn 0.8016 0.2142 -0.5582
vn 0.9683 -0.0000 0.2499
vn 0.8429 -0.0000 -0.5381
vn 0.7868 -0.0000 -0.6172
vn 0.8302 -0.0000 -0.5574
vn 0.9354 -0.2502 0.2498
vn 0.8140 -0.2173 -0.5387
vn 0.7595 -0.2029 -0.6180
vn 0.8016 -0.2142 -0.5582
vn 0.8384 -0.4844 0.2498
vn 0.7291 -0.4209 -0.5397
vn 0.6800 -0.3927 -0.6191
vn 0.7178 -0.4146 -0.5594
vn 0.6847 -0.6847 0.2499
vn 0.5951 -0.5951 -0.5402
vn 0.5550 -0.5550 -0.6196
vn 0.5859 -0.5859 -0.5599
vn 0.4844 -0.8384 0.2498
vn 0.4209 -0.7291 -0.5397
vn 0.3927 -0.6800 -0.6191
vn 0.4146 -0.7178 -0.5594
vn 0.2502 -0.9354 0.2498
vn 0.2173 -0.8140 -0.5387
vn 0.2029 -0.7595 -0.6180
vn 0.2142 -0.8016 -0.5582
vt 0.261777 0.400313
vt 0.266768 0.297112
vt 0.270228 0.399005
vt 0.278106 0.390810
vt 0.285095 0.376566
vt 0.290876 0.357112
vt 0.295132 0.333287
vt 0.297544 0.305931
vt 0.297787 0.277967
vt 0.295901 0.252423
vt 0.292116 0.230291
vt 0.286661 0.212563
vt 0.279768 0.200232
vt 0.271666 0.194291
vt 0.263215 0.195599
vt 0.255337 0.203794
vt 0.248348 0.218038
vt 0.242567 0.237492
vt 0.238311 0.261317
vt 0.235899 0.288673
vt 0.235656 0.316637
vt 0.237542 0.342181
vt 0.241327 0.364313
vt 0.246782 0.382041
vt 0.253675 0.394371
vt 0.680721 0.798705
vt 0.678133 0.760426
vt 0.682507 0.758578
vt 0.685061 0.796347
vt 0.687486 0.795965
vt 0.684927 0.758116
vt 0.629693 0.008600
vt 0.610279 0.013436
vt 0.629789 0.005163
vt 0.610110 0.010063
vt 0.609927 0.005271
vt 0.630017 0.000267
vt 0.360509 0.530130
vt 0.362012 0.569990
vt 0.357757 0.532775
vt 0.359225 0.571706
vt 0.364941 0.527424
vt 0.366478 0.568192
vt 0.677032 0.719259
vt 0.681421 0.717958
vt 0.683838 0.717411
vt 0.592317 0.034094
vt 0.591904 0.031005
vt 0.591341 0.026649
vt 0.590742 0.021887
vt 0.609771 -0.000000
vt 0.362784 0.495684
vt 0.358400 0.499098
vt 0.677368 0.677261
vt 0.681752 0.676520
vt 0.684170 0.675887
vt 0.576524 0.068566
vt 0.575895 0.065946
vt 0.574999 0.062320
vt 0.574010 0.058409
vt 0.805115 0.054257
vt 0.807011 0.017599
vt 0.808247 0.055930
vt 0.810100 0.020089
vt 0.679090 0.636496
vt 0.683451 0.636297
vt 0.685873 0.635580
vt 0.563613 0.114841
vt 0.562809 0.112852
vt 0.561639 0.110205
vt 0.560331 0.107435
vt 0.803658 0.102712
vt 0.806822 0.103304
vt 0.682147 0.599022
vt 0.686467 0.599322
vt 0.688895 0.598527
vt 0.554300 0.170909
vt 0.553368 0.169684
vt 0.552001 0.168223
vt 0.805908 0.160141
vt 0.808797 0.104889
vt 0.807903 0.160403
vt 0.802723 0.160844
vt 0.686486 0.566901
vt 0.690748 0.567628
vt 0.693185 0.566767
vt 0.549297 0.234759
vt 0.548298 0.234404
vt 0.546825 0.234293
vt 0.805585 0.224368
vt 0.807588 0.223135
vt 0.802393 0.226537
vt 0.691667 0.543864
vt 0.695860 0.544898
vt 0.821398 0.598182
vt 0.818741 0.620249
vt 0.818865 0.598071
vt 0.816202 0.620184
vt 0.549297 0.299550
vt 0.548297 0.300078
vt 0.546825 0.301339
vt 0.805908 0.289092
vt 0.807903 0.286352
vt 0.802723 0.292737
vt 0.822856 0.618219
vt 0.820745 0.648410
vt 0.816658 0.650038
vt 0.814114 0.650035
vt 0.554147 0.358284
vt 0.553214 0.359613
vt 0.551843 0.362115
vt 0.806822 0.347333
vt 0.808797 0.343237
vt 0.803658 0.352306
vt 0.819273 0.684529
vt 0.815205 0.685676
vt 0.812658 0.685748
vt 0.563298 0.408712
vt 0.562489 0.410728
vt 0.561312 0.414297
vt 0.559997 0.418775
vt 0.550302 0.365349
vt 0.805115 0.402998
vt 0.808247 0.396894
vt 0.818495 0.724678
vt 0.814437 0.725290
vt 0.811889 0.725445
vt 0.576200 0.448585
vt 0.575567 0.451144
vt 0.574663 0.455558
vt 0.573666 0.461019
vt 0.807011 0.442566
vt 0.810100 0.435579
vt 0.818468 0.766957
vt 0.814411 0.767006
vt 0.811862 0.767249
vt 0.592305 0.475656
vt 0.591892 0.478586
vt 0.591329 0.483571
vt 0.590729 0.489700
vt 0.590205 0.496059
vt 0.572754 0.466725
vt 0.819247 0.809467
vt 0.815179 0.808951
vt 0.812633 0.809281
vt 0.611064 0.487678
vt 0.610906 0.490769
vt 0.610740 0.496010
vt 0.610603 0.502435
vt 0.610533 0.509086
vt 0.820772 0.847500
vt 0.816684 0.846477
vt 0.814141 0.846886
vt 0.630479 0.482841
vt 0.630585 0.485869
vt 0.630830 0.491006
vt 0.631172 0.497312
vt 0.541699 0.122193
vt 0.538594 0.081300
vt 0.545321 0.122593
vt 0.542285 0.082613
vt 0.822856 0.877099
vt 0.818740 0.875683
vt 0.816201 0.876152
vt 0.648440 0.462183
vt 0.648791 0.464927
vt 0.649416 0.469628
vt 0.650201 0.475425
vt 0.543234 0.166246
vt 0.546822 0.165664
vt 0.545964 0.441141
vt 0.545964 0.490964
vt 0.543997 0.492550
vt 0.543997 0.443389
vt 0.811112 0.393088
vt 0.813022 0.359375
vt 0.814830 0.358368
vt 0.812916 0.392152
vt 0.664233 0.427711
vt 0.664800 0.429986
vt 0.665758 0.433957
vt 0.666933 0.438903
vt 0.543237 0.211250
vt 0.546825 0.209664
vt 0.810100 0.363862
vt 0.811681 0.318673
vt 0.814582 0.314788
vt 0.816393 0.313688
vt 0.677144 0.381436
vt 0.677887 0.383080
vt 0.679119 0.386072
vt 0.680611 0.389878
vt 0.541745 0.254996
vt 0.545366 0.252435
vt 0.812819 0.264441
vt 0.815704 0.261277
vt 0.817518 0.260065
vt 0.686458 0.325368
vt 0.687328 0.326248
vt 0.688756 0.328055
vt 0.690479 0.330477
vt 0.538795 0.295273
vt 0.542482 0.291814
vt 0.813426 0.203139
vt 0.816304 0.200791
vt 0.818118 0.199453
vt 0.691460 0.261519
vt 0.692397 0.261528
vt 0.693932 0.261984
vt 0.695778 0.262831
vt 0.697651 0.264017
vt 0.692230 0.333206
vt 0.813420 0.141349
vt 0.816297 0.139824
vt 0.818112 0.138357
vt 0.691460 0.196727
vt 0.692398 0.195854
vt 0.693933 0.194939
vt 0.695778 0.194188
vt 0.697651 0.193808
vt 0.812818 0.085732
vt 0.815704 0.084947
vt 0.817517 0.083366
vt 0.686610 0.137993
vt 0.687482 0.136320
vt 0.688914 0.134162
vt 0.690641 0.131963
vt 0.364463 0.740731
vt 0.362126 0.773051
vt 0.360042 0.738682
vt 0.357757 0.770281
vt 0.811689 0.038389
vt 0.814590 0.038234
vt 0.816401 0.036555
vt 0.677460 0.087566
vt 0.678207 0.085205
vt 0.679445 0.081980
vt 0.680946 0.078537
vt 0.366133 0.702052
vt 0.361675 0.700864
vt 0.810100 0.001418
vt 0.813022 0.001755
vt 0.814830 0.000000
vt 0.664557 0.047692
vt 0.665128 0.044788
vt 0.666094 0.040720
vt 0.362589 0.658818
vt 0.358895 0.699535
vt 0.359788 0.658467
vt 0.367068 0.659046
vt 0.689191 0.850458
vt 0.684558 0.829756
vt 0.693418 0.847411
vt 0.688846 0.826984
vt 0.691279 0.826666
vt 0.695860 0.847136
vt 0.648452 0.020621
vt 0.648804 0.017347
vt 0.649428 0.012707
vt 0.362723 0.614530
vt 0.359919 0.615210
vt 0.367205 0.613748
vt 0.385941 0.517095
vt 0.387605 0.561230
vt 0.406735 0.507282
vt 0.408519 0.554593
vt 0.427116 0.498497
vt 0.429006 0.548608
vt 0.446878 0.491256
vt 0.448852 0.543600
vt 0.465813 0.486072
vt 0.467843 0.539895
vt 0.483716 0.483461
vt 0.485765 0.537819
vt 0.383606 0.482736
vt 0.404232 0.470449
vt 0.424465 0.459484
vt 0.444108 0.450504
vt 0.462965 0.444169
vt 0.480839 0.441141
vt 0.790266 0.050603
vt 0.792318 0.010920
vt 0.775561 0.047692
vt 0.777760 0.005152
vt 0.761144 0.046267
vt 0.763475 0.001207
vt 0.747163 0.047065
vt 0.749596 0.000000
vt 0.733758 0.050835
vt 0.736260 0.002439
vt 0.721076 0.058315
vt 0.723603 0.009439
vt 0.788689 0.103058
vt 0.773870 0.103924
vt 0.759354 0.105825
vt 0.745292 0.109280
vt 0.731834 0.114806
vt 0.719133 0.122921
vt 0.787676 0.165991
vt 0.772784 0.171387
vt 0.758204 0.177280
vt 0.744090 0.183920
vt 0.730599 0.191554
vt 0.717886 0.200433
vt 0.787318 0.237108
vt 0.772401 0.247623
vt 0.757798 0.258028
vt 0.743666 0.268266
vt 0.730163 0.278283
vt 0.717445 0.288023
vt 0.787676 0.308773
vt 0.772784 0.324447
vt 0.758204 0.339398
vt 0.744090 0.353263
vt 0.730599 0.365681
vt 0.717886 0.376289
vt 0.788689 0.373260
vt 0.773870 0.393577
vt 0.759354 0.412618
vt 0.745292 0.429747
vt 0.731834 0.444325
vt 0.719133 0.455716
vt 0.790266 0.428138
vt 0.775561 0.452405
vt 0.761144 0.474927
vt 0.747163 0.494833
vt 0.733758 0.511249
vt 0.721076 0.523304
vt 0.792318 0.470971
vt 0.777760 0.498322
vt 0.763475 0.523562
vt 0.749596 0.545635
vt 0.736260 0.563487
vt 0.723603 0.576060
vt 0.588435 0.520550
vt 0.569543 0.488792
vt 0.586800 0.543864
vt 0.566547 0.509821
vt 0.766240 0.555761
vt 0.780372 0.528721
vt 0.752485 0.579268
vt 0.739231 0.598071
vt 0.426480 0.032016
vt 0.419624 0.002716
vt 0.436799 0.000000
vt 0.443588 0.029011
vt 0.520461 0.077706
vt 0.515721 0.041878
vt 0.534216 0.048205
vt 0.502399 0.074580
vt 0.497318 0.036174
vt 0.484481 0.072392
vt 0.479100 0.031713
vt 0.466781 0.071610
vt 0.461159 0.029118
vt 0.449369 0.072705
vt 0.432318 0.076143
vt 0.523821 0.121974
vt 0.506002 0.122036
vt 0.488298 0.122655
vt 0.470767 0.124115
vt 0.453467 0.126691
vt 0.436457 0.130666
vt 0.525483 0.169665
vt 0.507783 0.173159
vt 0.490185 0.176804
vt 0.472738 0.180677
vt 0.455494 0.184850
vt 0.438504 0.189403
vt 0.525487 0.218384
vt 0.507787 0.225386
vt 0.490188 0.232122
vt 0.472742 0.238460
vt 0.455498 0.244266
vt 0.438508 0.249408
vt 0.523871 0.265741
vt 0.506055 0.276153
vt 0.488355 0.285893
vt 0.470826 0.294627
vt 0.453528 0.302020
vt 0.436519 0.307736
vt 0.520678 0.309345
vt 0.502632 0.322895
vt 0.484728 0.335401
vt 0.467039 0.346342
vt 0.449634 0.355195
vt 0.432586 0.361440
vt 0.515947 0.346802
vt 0.534424 0.329874
vt 0.497560 0.363048
vt 0.479356 0.377931
vt 0.461427 0.390767
vt 0.443864 0.400874
vt 0.426759 0.407573
vt 0.382894 0.783003
vt 0.379708 0.808905
vt 0.359183 0.796978
vt 0.403468 0.792331
vt 0.400053 0.820098
vt 0.423656 0.800415
vt 0.420039 0.829825
vt 0.443263 0.806630
vt 0.439485 0.837351
vt 0.462097 0.810354
vt 0.458211 0.841941
vt 0.479962 0.810964
vt 0.476038 0.842866
vt 0.385425 0.748014
vt 0.406182 0.754824
vt 0.426530 0.760689
vt 0.446266 0.765133
vt 0.465184 0.767684
vt 0.483080 0.767871
vt 0.387232 0.706142
vt 0.408119 0.709937
vt 0.428582 0.713145
vt 0.448409 0.715470
vt 0.467388 0.716619
vt 0.485306 0.716298
vt 0.388244 0.659585
vt 0.409204 0.660029
vt 0.429731 0.660283
vt 0.449610 0.660253
vt 0.468622 0.659842
vt 0.486553 0.658958
vt 0.388392 0.610547
vt 0.409363 0.607461
vt 0.429900 0.604605
vt 0.449785 0.602093
vt 0.468803 0.600040
vt 0.486735 0.598561
vt 0.499371 0.485088
vt 0.501382 0.538439
vt 0.511930 0.490927
vt 0.513847 0.541762
vt 0.226027 0.589867
vt 0.249429 0.607027
vt 0.247349 0.631936
vt 0.222338 0.613595
vt 0.229467 0.567145
vt 0.251260 0.583125
vt 0.232078 0.549815
vt 0.252631 0.564887
vt 0.233276 0.542257
vt 0.253335 0.556967
vt 0.496547 0.443553
vt 0.201058 0.575532
vt 0.218981 0.633949
vt 0.196649 0.594001
vt 0.206117 0.554252
vt 0.210927 0.533981
vt 0.214591 0.518534
vt 0.216210 0.511732
vt 0.709972 0.071547
vt 0.712452 0.023574
vt 0.184222 0.520808
vt 0.178978 0.536567
vt 0.190364 0.503051
vt 0.196257 0.486302
vt 0.200754 0.473565
vt 0.202707 0.467844
vt 0.708065 0.134957
vt 0.172537 0.452488
vt 0.166715 0.464866
vt 0.179431 0.439128
vt 0.186077 0.426775
vt 0.191152 0.417420
vt 0.193337 0.413053
vt 0.706840 0.211032
vt 0.698063 0.222823
vt 0.699229 0.150336
vt 0.173983 0.365350
vt 0.166715 0.373636
vt 0.181004 0.358072
vt 0.186367 0.352620
vt 0.188667 0.349815
vt 0.706408 0.297000
vt 0.697651 0.304736
vt 0.174686 0.284583
vt 0.167465 0.287314
vt 0.181658 0.282860
vt 0.186984 0.281682
vt 0.820236 0.172156
vt 0.821050 0.106484
vt 0.822767 0.169927
vt 0.823601 0.102635
vt 0.706840 0.383632
vt 0.698063 0.387282
vt 0.181652 0.205570
vt 0.174911 0.202866
vt 0.188145 0.209282
vt 0.193103 0.212285
vt 0.820079 0.238359
vt 0.822607 0.237765
vt 0.708065 0.461587
vt 0.699229 0.461559
vt 0.193944 0.136758
vt 0.188047 0.129321
vt 0.199591 0.145203
vt 0.203899 0.151846
vt 0.820577 0.297955
vt 0.823116 0.298833
vt 0.709972 0.527924
vt 0.701046 0.524767
vt 0.210641 0.080570
vt 0.205894 0.069269
vt 0.215140 0.092880
vt 0.218564 0.102496
vt 0.821661 0.348694
vt 0.824227 0.350825
vt 0.712452 0.579704
vt 0.703410 0.574105
vt 0.230826 0.039431
vt 0.227467 0.025297
vt 0.233937 0.054570
vt 0.236293 0.066363
vt 0.237390 0.070455
vt 0.220088 0.105718
vt 0.410673 0.039945
vt 0.403943 0.011188
vt 0.397009 0.052455
vt 0.390597 0.025054
vt 0.253582 0.015759
vt 0.251788 0.000000
vt 0.255127 0.032528
vt 0.256279 0.045572
vt 0.365750 0.095870
vt 0.360608 0.073896
vt 0.369859 0.091250
vt 0.364590 0.068734
vt 0.416402 0.083255
vt 0.402468 0.093721
vt 0.390694 0.105533
vt 0.385586 0.066922
vt 0.381260 0.116683
vt 0.376504 0.080728
vt 0.277716 0.042256
vt 0.277855 0.029011
vt 0.370129 0.128965
vt 0.374345 0.125163
vt 0.420465 0.136768
vt 0.406339 0.144711
vt 0.394316 0.153241
vt 0.384633 0.161109
vt 0.377526 0.167065
vt 0.373233 0.169858
vt 0.422474 0.194418
vt 0.408253 0.199641
vt 0.396107 0.204636
vt 0.386301 0.208969
vt 0.379099 0.212206
vt 0.374768 0.213911
vt 0.422478 0.253312
vt 0.408257 0.255757
vt 0.396111 0.257141
vt 0.386304 0.257863
vt 0.379103 0.258321
vt 0.374771 0.258915
vt 0.420526 0.310560
vt 0.406397 0.310304
vt 0.394370 0.308177
vt 0.384683 0.305389
vt 0.377574 0.303147
vt 0.373279 0.302661
vt 0.416665 0.363270
vt 0.402719 0.360527
vt 0.390929 0.355169
vt 0.381479 0.349147
vt 0.374551 0.344420
vt 0.370330 0.342938
vt 0.410946 0.408548
vt 0.397269 0.403671
vt 0.385830 0.395535
vt 0.347456 0.329276
vt 0.348110 0.254064
vt 0.352731 0.334427
vt 0.353433 0.253660
vt 0.343363 0.325460
vt 0.343979 0.254522
vt 0.365959 0.377539
vt 0.370073 0.379874
vt 0.403943 0.441141
vt 0.419624 0.440781
vt 0.390597 0.434725
vt 0.345765 0.413440
vt 0.357757 0.340586
vt 0.350311 0.425034
vt 0.340969 0.402854
vt 0.337244 0.394858
vt 0.360608 0.402444
vt 0.364590 0.405394
vt 0.498746 0.764232
vt 0.495686 0.806527
vt 0.511335 0.756904
vt 0.508420 0.797203
vt 0.333473 0.482252
vt 0.337175 0.498579
vt 0.329523 0.466933
vt 0.326448 0.455296
vt 0.325373 0.450017
vt 0.335908 0.391035
vt 0.500931 0.713613
vt 0.513417 0.708673
vt 0.316776 0.538440
vt 0.319328 0.558631
vt 0.313974 0.519257
vt 0.311783 0.504647
vt 0.541014 0.882239
vt 0.539651 0.920979
vt 0.536033 0.923963
vt 0.537430 0.884266
vt 0.502155 0.657335
vt 0.514583 0.655049
vt 0.296591 0.579580
vt 0.297755 0.602602
vt 0.295177 0.557566
vt 0.294054 0.540780
vt 0.541609 0.839203
vt 0.538040 0.840168
vt 0.502334 0.598056
vt 0.514754 0.598567
vt 0.273835 0.603251
vt 0.273435 0.627899
vt 0.273987 0.579608
vt 0.274068 0.561570
vt 0.541387 0.793907
vt 0.537813 0.793753
vt 0.274255 0.553729
vt 0.258250 0.471618
vt 0.272507 0.469413
vt 0.255915 0.516982
vt 0.273828 0.514210
vt 0.254499 0.542360
vt 0.274412 0.539278
vt 0.253729 0.553703
vt 0.274480 0.550492
vt 0.543069 0.748636
vt 0.544147 0.793788
vt 0.540300 0.748387
vt 0.285799 0.455586
vt 0.290528 0.496839
vt 0.292977 0.519966
vt 0.293826 0.530367
vt 0.544367 0.838717
vt 0.297590 0.431555
vt 0.305343 0.466645
vt 0.309445 0.486401
vt 0.310988 0.495390
vt 0.543777 0.881404
vt 0.307343 0.398734
vt 0.317598 0.425407
vt 0.323068 0.440559
vt 0.325184 0.447619
vt 0.542424 0.919831
vt 0.314523 0.358539
vt 0.326618 0.374904
vt 0.333096 0.384417
vt 0.335634 0.389116
vt 0.540359 0.951977
vt 0.537568 0.953387
vt 0.318592 0.312386
vt 0.331731 0.316914
vt 0.338781 0.319953
vt 0.341557 0.321939
vt 0.357757 0.401913
vt 0.363065 0.377210
vt 0.319002 0.265207
vt 0.332247 0.257637
vt 0.339353 0.254057
vt 0.342154 0.253271
vt 0.367400 0.342890
vt 0.315820 0.222112
vt 0.328249 0.203489
vt 0.334909 0.193863
vt 0.337522 0.190545
vt 0.370325 0.302938
vt 0.309434 0.184773
vt 0.320225 0.156574
vt 0.325989 0.141711
vt 0.328227 0.136198
vt 0.371805 0.259547
vt 0.300232 0.154865
vt 0.308663 0.118996
vt 0.313136 0.099937
vt 0.314834 0.092667
vt 0.371802 0.214908
vt 0.288602 0.134062
vt 0.294051 0.092859
vt 0.296893 0.070881
vt 0.297907 0.062387
vt 0.370279 0.171211
vt 0.274933 0.124038
vt 0.276876 0.080264
vt 0.277800 0.056879
vt 0.278011 0.047797
vt 0.367200 0.130650
vt 0.260676 0.126244
vt 0.258963 0.083036
vt 0.257887 0.059961
vt 0.257260 0.051008
vt 0.362857 0.097823
vt 0.247384 0.140070
vt 0.242262 0.100407
vt 0.239322 0.079273
vt 0.237914 0.071133
vt 0.357757 0.076027
vt 0.235593 0.164101
vt 0.227448 0.130601
vt 0.222853 0.112838
vt 0.220752 0.106110
vt 0.821278 0.388142
vt 0.819687 0.348831
vt 0.823265 0.388326
vt 0.225840 0.196922
vt 0.215193 0.171839
vt 0.209230 0.158680
vt 0.206556 0.153881
vt 0.818612 0.298503
vt 0.218660 0.237117
vt 0.206172 0.222342
vt 0.199202 0.214822
vt 0.196106 0.212385
vt 0.818119 0.239390
vt 0.214591 0.283271
vt 0.201059 0.280332
vt 0.193518 0.279286
vt 0.190183 0.279562
vt 0.818274 0.173724
vt 0.214181 0.330449
vt 0.200544 0.339609
vt 0.192945 0.345182
vt 0.189586 0.348230
vt 0.819081 0.108584
vt 0.217363 0.373544
vt 0.204542 0.393757
vt 0.197390 0.405375
vt 0.194218 0.410956
vt 0.820433 0.050965
vt 0.822413 0.048394
vt 0.223749 0.410883
vt 0.212566 0.440672
vt 0.206309 0.457528
vt 0.203513 0.465302
vt 0.822232 0.002963
vt 0.824227 -0.000000
vt 0.232951 0.440792
vt 0.224127 0.478250
vt 0.219162 0.499302
vt 0.216906 0.508833
vt 0.244581 0.461595
vt 0.238740 0.504387
vt 0.235406 0.528358
vt 0.233833 0.539113
vt 0.538836 0.676874
vt 0.541225 0.708266
vt 0.538441 0.707686
vt 0.536033 0.676038
vt 0.173737 0.876718
vt 0.174007 0.882140
vt 0.167004 0.879641
vt 0.167235 0.884290
vt 0.173399 0.872505
vt 0.166715 0.876031
vt 0.689946 0.855339
vt 0.690223 0.850458
vt 0.694733 0.855248
vt 0.694970 0.851071
vt 0.689719 0.861794
vt 0.694539 0.860775
vt 0.689556 0.869542
vt 0.694399 0.867413
vt 0.689468 0.878299
vt 0.694324 0.874922
vt 0.689468 0.887127
vt 0.694324 0.882490
vt 0.689553 0.895072
vt 0.694397 0.889297
vt 0.689714 0.901835
vt 0.694534 0.895088
vt 0.689940 0.907117
vt 0.694728 0.899608
vt 0.690223 0.910617
vt 0.694970 0.902602
vt 0.174811 0.876920
vt 0.174230 0.872505
vt 0.180362 0.873467
vt 0.180860 0.877254
vt 0.175221 0.882374
vt 0.181212 0.881929
vt 0.175421 0.888249
vt 0.181384 0.886960
vt 0.175417 0.894249
vt 0.181380 0.892096
vt 0.175214 0.900081
vt 0.181206 0.897089
vt 0.174817 0.905450
vt 0.180866 0.901686
vt 0.174230 0.910061
vt 0.180363 0.905638
vt 0.173753 0.909479
vt 0.173399 0.912692
vt 0.167018 0.907705
vt 0.166715 0.910458
vt 0.174013 0.905153
vt 0.167242 0.904001
vt 0.174174 0.899984
vt 0.167379 0.899577
vt 0.174230 0.894244
vt 0.167427 0.894663
vt 0.174176 0.888206
vt 0.167381 0.889491
vt 0.621592 0.829825
vt 0.616839 0.832956
vt 0.618789 0.805976
vt 0.616080 0.807760
vt 0.625925 0.865768
vt 0.618151 0.870889
vt 0.630855 0.906390
vt 0.619682 0.913750
vt 0.635447 0.944277
vt 0.621102 0.953727
vt 0.638767 0.972012
vt 0.622077 0.983008
vt 0.333271 0.793494
vt 0.334362 0.828869
vt 0.327869 0.798539
vt 0.328903 0.832074
vt 0.625672 0.822888
vt 0.621114 0.802022
vt 0.632600 0.854419
vt 0.640447 0.890081
vt 0.647763 0.923337
vt 0.653096 0.947651
vt 0.654996 0.956486
vt 0.639881 0.982185
vt 0.628941 0.812717
vt 0.622977 0.796226
vt 0.637947 0.837781
vt 0.648132 0.866170
vt 0.657629 0.892636
vt 0.664575 0.911931
vt 0.667105 0.918808
vt 0.631259 0.799884
vt 0.624298 0.788912
vt 0.641739 0.816789
vt 0.653582 0.836002
vt 0.664627 0.853902
vt 0.672717 0.866866
vt 0.675693 0.871271
vt 0.632488 0.784964
vt 0.624998 0.780409
vt 0.643749 0.792381
vt 0.656470 0.800925
vt 0.668336 0.808865
vt 0.677032 0.814467
vt 0.823142 0.648453
vt 0.823953 0.598071
vt 0.827804 0.601254
vt 0.827035 0.649017
vt 0.632488 0.768528
vt 0.624998 0.771041
vt 0.643749 0.765492
vt 0.656470 0.762284
vt 0.668336 0.759252
vt 0.677032 0.756744
vt 0.822856 0.705387
vt 0.826764 0.702990
vt 0.631220 0.752352
vt 0.624276 0.761822
vt 0.641676 0.739030
vt 0.653491 0.724256
vt 0.664511 0.710426
vt 0.672581 0.699937
vt 0.823142 0.762760
vt 0.827035 0.757380
vt 0.628861 0.738169
vt 0.622931 0.753739
vt 0.637817 0.715829
vt 0.647944 0.690913
vt 0.657388 0.667615
vt 0.664295 0.650128
vt 0.823953 0.814386
vt 0.827804 0.806323
vt 0.625590 0.726486
vt 0.621067 0.747081
vt 0.632466 0.696716
vt 0.640254 0.663447
vt 0.647515 0.632349
vt 0.652808 0.609098
vt 0.654693 0.599365
vt 0.666809 0.642646
vt 0.621589 0.717809
vt 0.618787 0.742136
vt 0.625920 0.682523
vt 0.630848 0.643049
vt 0.635438 0.606159
vt 0.638757 0.578627
vt 0.639871 0.567223
vt 0.617039 0.712646
vt 0.616194 0.739193
vt 0.618477 0.674076
vt 0.620151 0.630911
vt 0.621703 0.590575
vt 0.622777 0.560496
vt 0.623014 0.548097
vt 0.612120 0.711503
vt 0.613391 0.738542
vt 0.610431 0.672207
vt 0.608588 0.628224
vt 0.606857 0.587126
vt 0.605504 0.556482
vt 0.604794 0.543864
vt 0.607368 0.714634
vt 0.610682 0.740326
vt 0.602656 0.677329
vt 0.597415 0.635584
vt 0.592512 0.596575
vt 0.588814 0.567477
vt 0.587188 0.555461
vt 0.603287 0.721571
vt 0.608357 0.744280
vt 0.595981 0.688677
vt 0.587823 0.651893
vt 0.580196 0.617516
vt 0.574485 0.591839
vt 0.572073 0.581160
vt 0.600019 0.731742
vt 0.606494 0.750077
vt 0.590634 0.705316
vt 0.580139 0.675805
vt 0.570330 0.648216
vt 0.563005 0.627559
vt 0.559964 0.618839
vt 0.597700 0.744574
vt 0.605173 0.757390
vt 0.586842 0.726308
vt 0.574688 0.705972
vt 0.563332 0.686950
vt 0.554864 0.672624
vt 0.551376 0.666375
vt 0.596472 0.759495
vt 0.604472 0.765893
vt 0.584832 0.750716
vt 0.571800 0.741049
vt 0.559623 0.731987
vt 0.550549 0.725023
vt 0.546825 0.721649
vt 0.596472 0.775931
vt 0.604472 0.775261
vt 0.584832 0.777604
vt 0.571800 0.779690
vt 0.559623 0.781600
vt 0.550549 0.782746
vt 0.546825 0.782537
vt 0.597739 0.792107
vt 0.605195 0.784480
vt 0.586905 0.804066
vt 0.574779 0.817718
vt 0.563448 0.830427
vt 0.554999 0.839553
vt 0.551519 0.842460
vt 0.600098 0.806290
vt 0.606539 0.792563
vt 0.590765 0.827268
vt 0.580326 0.851061
vt 0.570570 0.873238
vt 0.563286 0.889362
vt 0.560260 0.895001
vt 0.603369 0.817973
vt 0.608403 0.799222
vt 0.596116 0.846380
vt 0.588016 0.878528
vt 0.580443 0.908503
vt 0.574773 0.930392
vt 0.572377 0.938281
vt 0.607370 0.826650
vt 0.610684 0.804167
vt 0.602661 0.860574
vt 0.597422 0.898926
vt 0.592521 0.934693
vt 0.588824 0.960863
vt 0.334336 0.907618
vt 0.333271 0.944856
vt 0.327869 0.942031
vt 0.328879 0.906728
vt 0.611921 0.831813
vt 0.613277 0.807109
vt 0.610105 0.869020
vt 0.608119 0.911064
vt 0.606256 0.950278
vt 0.604804 0.978994
vt 0.334722 0.868368
vt 0.329245 0.869520
vt 0.801673 0.741635
vt 0.801949 0.797164
vt 0.795160 0.741707
vt 0.795444 0.798932
vt 0.801482 0.694918
vt 0.794966 0.693663
vt 0.794905 0.655013
vt 0.801416 0.657274
vt 0.795021 0.625966
vt 0.801518 0.628964
vt 0.795358 0.606733
vt 0.801828 0.610249
vt 0.516123 0.872345
vt 0.521649 0.872698
vt 0.514754 0.889151
vt 0.520343 0.888307
vt 0.791053 0.742011
vt 0.791358 0.803481
vt 0.790850 0.690654
vt 0.790800 0.649489
vt 0.790952 0.618599
vt 0.791358 0.598071
vt 0.179468 0.706077
vt 0.182380 0.711950
vt 0.179683 0.724298
vt 0.182775 0.727823
vt 0.225370 0.820573
vt 0.246765 0.854444
vt 0.224169 0.826330
vt 0.247480 0.863255
vt 0.207718 0.791414
vt 0.205063 0.794620
vt 0.194055 0.766176
vt 0.190392 0.767080
vt 0.180387 0.742672
vt 0.184628 0.744066
vt 0.175278 0.720353
vt 0.175296 0.699081
vt 0.222701 0.832526
vt 0.247928 0.872505
vt 0.202141 0.798263
vt 0.186462 0.768425
vt 0.175879 0.741717
vt 0.170606 0.716847
vt 0.170857 0.692524
vt 0.357699 0.812142
vt 0.357680 0.885759
vt 0.353977 0.811710
vt 0.353957 0.889634
vt 0.357677 0.751458
vt 0.353951 0.747686
vt 0.357575 0.703670
vt 0.353837 0.697415
vt 0.353595 0.660751
vt 0.357357 0.668737
vt 0.166715 0.714641
vt 0.172114 0.741473
vt 0.167145 0.687970
vt 0.347593 0.811572
vt 0.347572 0.891219
vt 0.347565 0.746211
vt 0.347447 0.694946
vt 0.347196 0.657589
vt 0.346768 0.633949
vt 0.353184 0.637545
vt 0.751282 0.824030
vt 0.755659 0.820849
vt 0.751649 0.854848
vt 0.755983 0.850501
vt 0.341075 0.889723
vt 0.341095 0.811800
vt 0.341069 0.747776
vt 0.340955 0.697504
vt 0.340713 0.660840
vt 0.340302 0.637634
vt 0.745449 0.825992
vt 0.745773 0.855644
vt 0.337068 0.885901
vt 0.337088 0.812285
vt 0.337065 0.751601
vt 0.336963 0.703813
vt 0.336745 0.668880
vt 0.336374 0.646761
vt 0.740564 0.826011
vt 0.740782 0.852750
vt 0.335596 0.880908
vt 0.335614 0.812889
vt 0.335596 0.756551
vt 0.545236 0.572782
vt 0.543996 0.528308
vt 0.545236 0.519954
vt 0.543997 0.492550
vt 0.546724 0.510989
vt 0.543997 0.519954
vt 0.734491 0.860520
vt 0.737936 0.868169
vt 0.729018 0.865244
vt 0.732149 0.874125
vt 0.737254 0.847494
vt 0.737176 0.824544
vt 0.698966 0.836798
vt 0.710728 0.846431
vt 0.710467 0.856259
vt 0.697651 0.845785
vt 0.720429 0.853072
vt 0.720966 0.863284
vt 0.727929 0.855337
vt 0.733089 0.851843
vt 0.531126 0.895633
vt 0.533488 0.901334
vt 0.530691 0.915262
vt 0.528568 0.907076
vt 0.532652 0.875834
vt 0.535218 0.877645
vt 0.808260 0.799068
vt 0.807976 0.741842
vt 0.811558 0.742228
vt 0.811862 0.803698
vt 0.807781 0.693798
vt 0.811355 0.690871
vt 0.807720 0.655148
vt 0.811304 0.649705
vt 0.807836 0.626101
vt 0.811456 0.618816
vt 0.808173 0.606869
vt 0.811862 0.598287
vt 0.528023 0.874059
vt 0.526653 0.890865
vt 0.516754 0.848466
vt 0.522249 0.850021
vt 0.516827 0.819825
vt 0.522340 0.822212
vt 0.516204 0.788374
vt 0.521779 0.791362
vt 0.514754 0.756062
vt 0.520423 0.759566
vt 0.508348 0.877354
vt 0.501982 0.878353
vt 0.502115 0.849705
vt 0.508472 0.847475
vt 0.508428 0.916021
vt 0.502054 0.915573
vt 0.183092 0.688837
vt 0.185598 0.696639
vt 0.189495 0.673481
vt 0.191429 0.682053
vt 0.198671 0.661426
vt 0.199849 0.669902
vt 0.210615 0.654093
vt 0.210834 0.661891
vt 0.512032 0.875819
vt 0.512133 0.842866
vt 0.512133 0.918104
vt 0.179446 0.679333
vt 0.186592 0.662974
vt 0.196753 0.651047
vt 0.209944 0.644591
vt 0.226183 0.644652
vt 0.225321 0.652898
vt 0.245489 0.652270
vt 0.242783 0.659259
vt 0.175535 0.670269
vt 0.183424 0.652907
vt 0.194567 0.641105
vt 0.209005 0.635530
vt 0.226778 0.636846
vt 0.247928 0.645720
vt 0.172228 0.663785
vt 0.180689 0.645653
vt 0.192589 0.633949
vt 0.436024 0.871760
vt 0.431778 0.876011
vt 0.431379 0.849429
vt 0.435659 0.842866
vt 0.435986 0.911654
vt 0.431791 0.912993
vt 0.435525 0.962866
vt 0.431379 0.960805
vt 0.748292 0.785847
vt 0.752761 0.783846
vt 0.743411 0.747255
vt 0.748008 0.746080
vt 0.736603 0.708391
vt 0.741368 0.707827
vt 0.207948 0.921547
vt 0.204040 0.914612
vt 0.207948 0.872505
vt 0.197432 0.872505
vt 0.204040 0.872505
vt 0.202874 0.902216
vt 0.442517 0.912042
vt 0.442575 0.870983
vt 0.442036 0.964615
vt 0.742551 0.788989
vt 0.737798 0.751223
vt 0.731158 0.712970
vt 0.722599 0.674508
vt 0.727833 0.669395
vt 0.712090 0.636116
vt 0.717063 0.630401
vt 0.448295 0.965299
vt 0.448756 0.914087
vt 0.737898 0.791960
vt 0.733465 0.756256
vt 0.727244 0.719529
vt 0.719215 0.682405
vt 0.709358 0.645516
vt 0.697651 0.609488
vt 0.699599 0.598071
vt 0.734810 0.794330
vt 0.730792 0.761308
vt 0.725117 0.726564
vt 0.717777 0.691181
vt 0.708766 0.656244
vt 0.698079 0.622838
vt 0.533363 0.848946
vt 0.536033 0.846847
vt 0.533388 0.818231
vt 0.535998 0.813432
vt 0.532613 0.785275
vt 0.535024 0.778523
vt 0.530924 0.751672
vt 0.533024 0.743240
vt 0.528205 0.719009
vt 0.529910 0.708705
vt 0.524343 0.688875
vt 0.525592 0.676038
vt 0.528654 0.850179
vt 0.528726 0.821539
vt 0.528104 0.790088
vt 0.526653 0.757776
vt 0.524239 0.726553
vt 0.495554 0.917035
vt 0.491534 0.919726
vt 0.491433 0.877442
vt 0.495474 0.878368
vt 0.518131 0.728920
vt 0.313917 0.795741
vt 0.327869 0.794216
vt 0.327869 0.859843
vt 0.314518 0.858832
vt 0.327012 0.899939
vt 0.315241 0.897605
vt 0.325744 0.923834
vt 0.316044 0.920789
vt 0.537356 0.579083
vt 0.543997 0.569635
vt 0.542356 0.606528
vt 0.537327 0.613093
vt 0.540531 0.641713
vt 0.536882 0.646124
vt 0.799243 0.960167
vt 0.793290 0.954666
vt 0.798898 0.931336
vt 0.793601 0.923419
vt 0.762684 0.637781
vt 0.774672 0.703385
vt 0.755983 0.653579
vt 0.767658 0.711921
vt 0.776594 0.753913
vt 0.770236 0.757205
vt 0.772297 0.795072
vt 0.767037 0.794245
vt 0.765628 0.832569
vt 0.761382 0.827854
vt 0.756591 0.862846
vt 0.760437 0.872110
vt 0.755983 0.904033
vt 0.760570 0.919402
vt 0.770365 0.617751
vt 0.782808 0.692771
vt 0.783995 0.750057
vt 0.778424 0.796495
vt 0.770592 0.838971
vt 0.764999 0.884368
vt 0.766142 0.939572
vt 0.777334 0.598071
vt 0.790265 0.682492
vt 0.790800 0.746496
vt 0.784060 0.798161
vt 0.775172 0.845562
vt 0.769259 0.896774
vt 0.771445 0.959875
vt 0.290493 0.640293
vt 0.299928 0.635450
vt 0.299375 0.731818
vt 0.290493 0.730028
vt 0.291410 0.785547
vt 0.299123 0.790962
vt 0.290493 0.812449
vt 0.287625 0.833725
vt 0.283158 0.763231
vt 0.280786 0.778409
vt 0.274557 0.711247
vt 0.778267 0.850841
vt 0.787850 0.799711
vt 0.772200 0.906483
vt 0.491433 0.950686
vt 0.487660 0.937952
vt 0.491433 0.893895
vt 0.488087 0.874901
vt 0.314415 0.633949
vt 0.313147 0.732949
vt 0.311196 0.793494
vt 0.278592 0.848505
vt 0.273357 0.789631
vt 0.272736 0.720708
vt 0.266933 0.728525
vt 0.267169 0.668682
vt 0.262703 0.673857
vt 0.481600 0.932867
vt 0.482690 0.867311
vt 0.328118 0.636598
vt 0.326268 0.732912
vt 0.322773 0.791924
vt 0.266873 0.850219
vt 0.263733 0.791962
vt 0.259382 0.731321
vt 0.256661 0.677034
vt 0.475683 0.937971
vt 0.477407 0.874918
vt 0.335596 0.642129
vt 0.333521 0.731779
vt 0.265961 0.897356
vt 0.255145 0.881728
vt 0.257289 0.838839
vt 0.255873 0.784917
vt 0.253191 0.728229
vt 0.251539 0.677041
vt 0.253213 0.639619
vt 0.258412 0.637834
vt 0.517080 0.453575
vt 0.530916 0.441141
vt 0.530983 0.475770
vt 0.518341 0.483833
vt 0.247928 0.855973
vt 0.250849 0.819260
vt 0.250600 0.771827
vt 0.249016 0.721130
vt 0.247928 0.674629
vt 0.249171 0.639781
vt 0.535509 0.507809
vt 0.523854 0.511621
vt 0.514754 0.512461
vt 0.520221 0.534307
vt 0.521416 0.568776
vt 0.516494 0.553466
vt 0.524245 0.607941
vt 0.519832 0.598663
vt 0.525511 0.644710
vt 0.521040 0.639860
vt 0.522021 0.671995
vt 0.516388 0.668871
vt 0.292315 0.865319
vt 0.290493 0.793494
vt 0.299533 0.795428
vt 0.300837 0.861000
vt 0.295821 0.908370
vt 0.303240 0.900956
vt 0.528599 0.548688
vt 0.528631 0.578561
vt 0.530323 0.613518
vt 0.531063 0.647213
vt 0.528238 0.673304
vt 0.539055 0.550312
vt 0.805327 0.955112
vt 0.804335 0.923817
vt 0.798872 0.922336
vt 0.793739 0.913911
vt 0.798879 0.914490
vt 0.794158 0.906098
vt 0.798909 0.908766
vt 0.794747 0.900826
vt 0.795395 0.898942
vt 0.798954 0.906128
vt 0.209430 0.882355
vt 0.209757 0.890296
vt 0.208361 0.890407
vt 0.207948 0.881101
vt 0.215558 0.873703
vt 0.217809 0.879631
vt 0.214731 0.879294
vt 0.212038 0.872505
vt 0.756742 0.914516
vt 0.761526 0.931070
vt 0.790800 0.893219
vt 0.791491 0.885458
vt 0.792481 0.881279
vt 0.793625 0.881244
vt 0.209531 0.875522
vt 0.207948 0.872505
vt 0.212038 0.879285
vt 0.211728 0.884301
vt 0.767366 0.952779
vt 0.762294 0.939209
vt 0.768034 0.961039
vt 0.790800 0.858728
vt 0.791981 0.855960
vt 0.793409 0.858311
vt 0.794950 0.865971
vt 0.794774 0.885907
vt 0.796470 0.879128
vt 0.795783 0.895832
vt 0.772945 0.974615
vt 0.773536 0.982988
vt 0.792009 0.832069
vt 0.793118 0.830699
vt 0.794513 0.835428
vt 0.796104 0.846071
vt 0.797802 0.862447
vt 0.491297 0.879264
vt 0.488050 0.858978
vt 0.776946 0.991556
vt 0.777505 1.000000
vt 0.795042 0.811640
vt 0.795762 0.811334
vt 0.796702 0.817875
vt 0.797826 0.830794
vt 0.799099 0.849627
vt 0.482825 0.850871
vt 0.487672 0.850970
vt 0.482933 0.842866
vt 0.546024 0.519954
vt 0.546346 0.527675
vt 0.545236 0.521426
vt 0.545511 0.527687
vt 0.799742 0.810933
vt 0.799785 0.803697
vt 0.799704 0.824727
vt 0.799682 0.844501
vt 0.477699 0.858994
vt 0.478199 0.850985
vt 0.546024 0.539792
vt 0.545236 0.538618
vt 0.803461 0.818125
vt 0.804014 0.811640
vt 0.803032 0.830987
vt 0.802856 0.849766
vt 0.474345 0.893922
vt 0.474732 0.879290
vt 0.545829 0.574789
vt 0.545995 0.586721
vt 0.544225 0.584167
vt 0.543997 0.572782
vt 0.804563 0.811993
vt 0.807275 0.832635
vt 0.806428 0.831193
vt 0.805581 0.835838
vt 0.804930 0.846398
vt 0.804672 0.862701
vt 0.250054 0.633949
vt 0.546510 0.596070
vt 0.546510 0.606433
vt 0.543997 0.604032
vt 0.545641 0.596070
vt 0.543997 0.593277
vt 0.808009 0.859366
vt 0.807075 0.856519
vt 0.806146 0.858783
vt 0.183631 0.902146
vt 0.183417 0.883196
vt 0.184787 0.894321
vt 0.184601 0.872505
vt 0.181729 0.915724
vt 0.181384 0.899915
vt 0.520648 0.676038
vt 0.514754 0.673034
vt 0.808732 0.867124
vt 0.807457 0.893836
vt 0.806820 0.886026
vt 0.806006 0.881780
vt 0.805201 0.881673
vt 0.183678 0.920985
vt 0.184787 0.916013
vt 0.181915 0.931427
vt 0.807729 0.904638
vt 0.804152 0.914297
vt 0.803759 0.906454
vt 0.803267 0.901142
vt 0.802789 0.899216
vt 0.183529 0.935351
vt 0.184580 0.932559
vt 0.181882 0.943385
vt 0.210365 0.895623
vt 0.209020 0.896318
vt 0.215558 0.886923
vt 0.212038 0.886943
vt 0.378484 0.954783
vt 0.376717 0.906882
vt 0.382272 0.952308
vt 0.385518 0.946821
vt 0.388115 0.938766
vt 0.389954 0.928587
vt 0.390928 0.916728
vt 0.390928 0.903633
vt 0.389926 0.890743
vt 0.388061 0.879463
vt 0.385472 0.870188
vt 0.382299 0.863310
vt 0.378684 0.859222
vt 0.374766 0.858320
vt 0.370978 0.860794
vt 0.367732 0.866281
vt 0.365135 0.874336
vt 0.363296 0.884515
vt 0.362322 0.896374
vt 0.362322 0.909469
vt 0.363324 0.922360
vt 0.365189 0.933639
vt 0.367779 0.942915
vt 0.370951 0.949793
vt 0.374566 0.953880
vt 0.383737 0.965269
vt 0.378805 0.968492
vt 0.688679 0.852414
vt 0.689113 0.861255
vt 0.682817 0.860334
vt 0.682332 0.850458
vt 0.406593 0.914801
vt 0.408604 0.920806
vt 0.402760 0.933707
vt 0.400001 0.925470
vt 0.411886 0.906430
vt 0.413336 0.910766
vt 0.387965 0.958123
vt 0.398650 0.915288
vt 0.396519 0.930771
vt 0.395010 0.919399
vt 0.405609 0.907373
vt 0.411177 0.901060
vt 0.391347 0.947633
vt 0.398675 0.903741
vt 0.395037 0.906505
vt 0.405628 0.898949
vt 0.411191 0.894967
vt 0.393742 0.934376
vt 0.677436 0.869019
vt 0.677802 0.858536
vt 0.681923 0.862164
vt 0.682332 0.850458
vt 0.406623 0.889955
vt 0.400040 0.891411
vt 0.411910 0.888464
vt 0.395010 0.918932
vt 0.677173 0.881621
vt 0.681629 0.876239
vt 0.408571 0.880817
vt 0.402713 0.878883
vt 0.413316 0.881861
vt 0.395010 0.901879
vt 0.677032 0.895895
vt 0.681472 0.892183
vt 0.411447 0.871963
vt 0.406659 0.866737
vt 0.192228 0.887006
vt 0.192380 0.879503
vt 0.197222 0.882901
vt 0.197432 0.872505
vt 0.393706 0.885093
vt 0.677033 0.910281
vt 0.681473 0.908253
vt 0.414955 0.864394
vt 0.411470 0.856352
vt 0.192151 0.894572
vt 0.197115 0.893386
vt 0.391276 0.870403
vt 0.677172 0.923203
vt 0.681628 0.922686
vt 0.418694 0.858899
vt 0.416597 0.848816
vt 0.192154 0.901381
vt 0.197119 0.902812
vt 0.387904 0.858323
vt 0.677434 0.934185
vt 0.681920 0.934949
vt 0.422483 0.855586
vt 0.421790 0.844272
vt 0.192233 0.907178
vt 0.197228 0.910830
vt 0.383773 0.849365
vt 0.677802 0.942748
vt 0.682332 0.944512
vt 0.426138 0.854559
vt 0.426800 0.842866
vt 0.192380 0.911707
vt 0.197432 0.917091
vt 0.379065 0.844042
vt 0.465410 0.853658
vt 0.464297 0.848882
vt 0.472153 0.848202
vt 0.470910 0.842866
vt 0.429478 0.855926
vt 0.431379 0.844744
vt 0.449343 0.872575
vt 0.448756 0.870063
vt 0.457275 0.864183
vt 0.456463 0.860701
vt 0.373962 0.842866
vt 0.466361 0.860857
vt 0.473215 0.856243
vt 0.457968 0.869429
vt 0.449843 0.876360
vt 0.369030 0.846089
vt 0.467037 0.869737
vt 0.473970 0.866161
vt 0.458460 0.875903
vt 0.450199 0.881033
vt 0.364802 0.853235
vt 0.467371 0.879280
vt 0.474344 0.876819
vt 0.458704 0.882863
vt 0.450374 0.886064
vt 0.361420 0.863726
vt 0.467373 0.889017
vt 0.474345 0.887693
vt 0.458705 0.889967
vt 0.450375 0.891200
vt 0.359025 0.876982
vt 0.467049 0.898481
vt 0.473984 0.898261
vt 0.458469 0.896872
vt 0.450205 0.896194
vt 0.357757 0.892426
vt 0.466408 0.907203
vt 0.473268 0.908002
vt 0.458002 0.903234
vt 0.449867 0.900792
vt 0.357757 0.909479
vt 0.465458 0.914714
vt 0.472206 0.916391
vt 0.457309 0.908710
vt 0.449368 0.904746
vt 0.359061 0.926266
vt 0.464296 0.920134
vt 0.470908 0.922446
vt 0.425969 0.916205
vt 0.429477 0.908636
vt 0.431379 0.917019
vt 0.426568 0.927404
vt 0.448756 0.907595
vt 0.456462 0.912660
vt 0.361491 0.940956
vt 0.689106 0.898654
vt 0.688678 0.905674
vt 0.682332 0.909942
vt 0.682810 0.902102
vt 0.422230 0.921699
vt 0.421441 0.934941
vt 0.192051 0.893934
vt 0.191863 0.897648
vt 0.184787 0.904911
vt 0.185049 0.899775
vt 0.364863 0.953036
vt 0.689372 0.890270
vt 0.683107 0.892739
vt 0.418442 0.925013
vt 0.416248 0.939484
vt 0.192148 0.889504
vt 0.185183 0.893650
vt 0.368994 0.961993
vt 0.689468 0.880954
vt 0.683214 0.882336
vt 0.414786 0.926039
vt 0.411237 0.940890
vt 0.192151 0.884589
vt 0.185186 0.886853
vt 0.373703 0.967317
vt 0.689384 0.871138
vt 0.683120 0.871374
vt 0.411446 0.924673
vt 0.406659 0.939013
vt 0.192057 0.879420
vt 0.185056 0.879699
vt 0.191863 0.874228
vt 0.184787 0.872505
s 1
usemtl Material.001
f 1/1/1 2/2/2 3/3/3
f 3/3/3 2/2/2 4/4/4
f 4/4/4 2/2/2 5/5/5
f 5/5/5 2/2/2 6/6/6
f 6/6/6 2/2/2 7/7/7
f 7/7/7 2/2/2 8/8/8
f 8/8/8 2/2/2 9/9/9
f 9/9/9 2/2/2 10/10/10
f 10/10/10 2/2/2 11/11/11
f 11/11/11 2/2/2 12/12/12
f 12/12/12 2/2/2 13/13/13
f 13/13/13 2/2/2 14/14/14
f 14/14/14 2/2/2 15/15/15
f 15/15/15 2/2/2 16/16/16
f 16/16/16 2/2/2 17/17/17
f 17/17/17 2/2/2 18/18/18
f 18/18/18 2/2/2 19/19/19
f 19/19/19 2/2/2 20/20/20
f 20/20/20 2/2/2 21/21/21
f 21/21/21 2/2/2 22/22/22
f 22/22/22 2/2/2 23/23/23
f 23/23/23 2/2/2 24/24/24
f 24/24/24 2/2/2 25/25/25
f 2/2/2 1/1/1 25/25/25
f 26/26/26 27/27/27 28/28/28
f 28/28/28 29/29/29 26/26/26
f 29/29/29 28/28/28 30/30/30
f 31/31/31 30/30/30 28/28/28
f 30/32/30 31/33/31 32/34/32
f 33/35/33 32/34/32 31/33/31
f 34/36/34 35/37/35 33/35/33
f 32/34/32 33/35/33 35/37/35
f 36/38/36 37/39/37 34/40/34
f 35/41/35 34/40/34 37/39/37
f 38/42/38 39/43/39 36/38/36
f 37/39/37 36/38/36 39/43/39
f 27/27/27 40/44/40 41/45/41
f 41/45/41 28/28/28 27/27/27
f 28/28/28 41/45/41 31/31/31
f 42/46/42 31/31/31 41/45/41
f 31/33/31 42/47/42 33/35/33
f 43/48/43 33/35/33 42/47/42
f 44/49/44 34/36/34 43/48/43
f 33/35/33 43/48/43 34/36/34
f 45/50/45 36/51/36 44/49/44
f 34/36/34 44/49/44 36/51/36
f 46/52/46 38/42/38 45/53/45
f 36/38/36 45/53/45 38/42/38
f 40/44/40 47/54/47 48/55/48
f 48/55/48 41/45/41 40/44/40
f 41/45/41 48/55/48 42/46/42
f 49/56/49 42/46/42 48/55/48
f 42/47/42 49/57/49 43/48/43
f 50/58/50 43/48/43 49/57/49
f 51/59/51 44/49/44 50/58/50
f 43/48/43 50/58/50 44/49/44
f 52/60/52 45/50/45 51/59/51
f 44/49/44 51/59/51 45/50/45
f 53/61/53 46/62/46 52/63/52
f 45/64/45 52/63/52 46/62/46
f 47/54/47 54/65/54 48/55/48
f 55/66/55 48/55/48 54/65/54
f 48/55/48 55/66/55 49/56/49
f 56/67/56 49/56/49 55/66/55
f 49/57/49 56/68/56 57/69/57
f 57/69/57 50/58/50 49/57/49
f 58/70/58 51/59/51 50/58/50
f 50/58/50 57/69/57 58/70/58
f 59/71/59 52/60/52 51/59/51
f 51/59/51 58/70/58 59/71/59
f 60/72/60 53/61/53 52/63/52
f 52/63/52 59/73/59 60/72/60
f 54/65/54 61/74/61 55/66/55
f 62/75/62 55/66/55 61/74/61
f 55/66/55 62/75/62 63/76/63
f 63/76/63 56/67/56 55/66/55
f 56/68/56 63/77/63 64/78/64
f 64/78/64 57/69/57 56/68/56
f 65/79/65 58/70/58 57/69/57
f 57/69/57 64/78/64 65/79/65
f 66/80/66 59/73/59 58/81/58
f 58/81/58 65/82/65 66/80/66
f 67/83/67 60/72/60 59/73/59
f 59/73/59 66/80/66 67/83/67
f 61/74/61 68/84/68 62/75/62
f 69/85/69 62/75/62 68/84/68
f 62/75/62 69/85/69 70/86/70
f 70/86/70 63/76/63 62/75/62
f 63/77/63 70/87/70 71/88/71
f 71/88/71 64/78/64 63/77/63
f 72/89/72 65/79/65 64/78/64
f 64/78/64 71/88/71 72/89/72
f 73/90/73 66/80/66 65/82/65
f 65/82/65 72/91/72 73/90/73
f 74/92/74 67/83/67 66/80/66
f 66/80/66 73/90/73 74/92/74
f 68/84/68 75/93/75 76/94/76
f 76/94/76 69/85/69 68/84/68
f 69/95/69 76/96/76 70/97/70
f 77/98/77 70/97/70 76/96/76
f 70/87/70 77/99/77 71/88/71
f 78/100/78 71/88/71 77/99/77
f 79/101/79 72/89/72 78/100/78
f 71/88/71 78/100/78 72/89/72
f 80/102/80 73/90/73 79/103/79
f 72/91/72 79/103/79 73/90/73
f 81/104/81 74/92/74 80/102/80
f 73/90/73 80/102/80 74/92/74
f 75/105/75 82/106/82 83/107/83
f 83/107/83 76/96/76 75/105/75
f 76/96/76 83/107/83 77/98/77
f 84/108/84 77/98/77 83/107/83
f 77/99/77 84/109/84 78/100/78
f 85/110/85 78/100/78 84/109/84
f 86/111/86 79/101/79 85/110/85
f 78/100/78 85/110/85 79/101/79
f 87/112/87 80/102/80 86/113/86
f 79/103/79 86/113/86 80/102/80
f 88/114/88 81/104/81 87/112/87
f 80/102/80 87/112/87 81/104/81
f 82/106/82 89/115/89 90/116/90
f 90/116/90 83/107/83 82/106/82
f 83/107/83 90/116/90 91/117/91
f 91/117/91 84/108/84 83/107/83
f 84/109/84 91/118/91 85/110/85
f 92/119/92 85/110/85 91/118/91
f 93/120/93 86/111/86 92/119/92
f 85/110/85 92/119/92 86/111/86
f 94/121/94 87/122/87 93/120/93
f 86/111/86 93/120/93 87/122/87
f 95/123/95 88/114/88 94/124/94
f 87/112/87 94/124/94 88/114/88
f 89/115/89 96/125/96 90/116/90
f 97/126/97 90/116/90 96/125/96
f 90/116/90 97/126/97 98/127/98
f 98/127/98 91/117/91 90/116/90
f 91/118/91 98/128/98 99/129/99
f 99/129/99 92/119/92 91/118/91
f 100/130/100 93/120/93 92/119/92
f 92/119/92 99/129/99 100/130/100
f 101/131/101 94/121/94 93/120/93
f 93/120/93 100/130/100 101/131/101
f 102/132/102 95/123/95 94/124/94
f 94/124/94 101/133/101 102/132/102
f 96/125/96 103/134/103 97/126/97
f 104/135/104 97/126/97 103/134/103
f 97/126/97 104/135/104 105/136/105
f 105/136/105 98/127/98 97/126/97
f 98/128/98 105/137/105 106/138/106
f 106/138/106 99/129/99 98/128/98
f 107/139/107 100/130/100 99/129/99
f 99/129/99 106/138/106 107/139/107
f 108/140/108 101/131/101 100/130/100
f 100/130/100 107/139/107 108/140/108
f 109/141/109 102/142/102 101/131/101
f 101/131/101 108/140/108 109/141/109
f 103/134/103 110/143/110 104/135/104
f 111/144/111 104/135/104 110/143/110
f 104/135/104 111/144/111 112/145/112
f 112/145/112 105/136/105 104/135/104
f 105/137/105 112/146/112 113/147/113
f 113/147/113 106/138/106 105/137/105
f 114/148/114 107/139/107 106/138/106
f 106/138/106 113/147/113 114/148/114
f 115/149/115 108/140/108 107/139/107
f 107/139/107 114/148/114 115/149/115
f 116/150/116 109/141/109 108/140/108
f 108/140/108 115/149/115 116/150/116
f 110/143/110 117/151/117 118/152/118
f 118/152/118 111/144/111 110/143/110
f 111/144/111 118/152/118 119/153/119
f 119/153/119 112/145/112 111/144/111
f 112/146/112 119/154/119 113/147/113
f 120/155/120 113/147/113 119/154/119
f 121/156/121 114/148/114 120/155/120
f 113/147/113 120/155/120 114/148/114
f 122/157/122 115/149/115 121/156/121
f 114/148/114 121/156/121 115/149/115
f 123/158/123 116/159/116 122/160/122
f 115/161/115 122/160/122 116/159/116
f 117/151/117 124/162/124 125/163/125
f 125/163/125 118/152/118 117/151/117
f 118/152/118 125/163/125 119/153/119
f 126/164/126 119/153/119 125/163/125
f 119/154/119 126/165/126 120/155/120
f 127/166/127 120/155/120 126/165/126
f 128/167/128 121/156/121 127/166/127
f 120/155/120 127/166/127 121/156/121
f 129/168/129 122/157/122 128/167/128
f 121/156/121 128/167/128 122/157/122
f 130/169/130 123/158/123 129/170/129
f 122/160/122 129/170/129 123/158/123
f 124/171/124 131/172/131 132/173/132
f 132/173/132 125/174/125 124/171/124
f 125/175/125 132/176/132 133/177/133
f 133/177/133 126/178/126 125/175/125
f 126/165/126 133/179/133 127/166/127
f 134/180/134 127/166/127 133/179/133
f 135/181/135 128/167/128 134/180/134
f 127/166/127 134/180/134 128/167/128
f 136/182/136 129/168/129 135/181/135
f 128/167/128 135/181/135 129/168/129
f 137/183/137 130/169/130 136/184/136
f 129/170/129 136/184/136 130/169/130
f 131/185/131 138/186/138 132/176/132
f 139/187/139 132/176/132 138/186/138
f 132/176/132 139/187/139 140/188/140
f 140/188/140 133/177/133 132/176/132
f 133/179/133 140/189/140 141/190/141
f 141/190/141 134/180/134 133/179/133
f 142/191/142 135/181/135 134/180/134
f 134/180/134 141/190/141 142/191/142
f 143/192/143 136/182/136 135/181/135
f 135/181/135 142/191/142 143/192/143
f 144/193/144 137/183/137 136/184/136
f 136/184/136 143/194/143 144/193/144
f 138/186/138 145/195/145 139/187/139
f 146/196/146 139/187/139 145/195/145
f 139/187/139 146/196/146 147/197/147
f 147/197/147 140/188/140 139/187/139
f 140/189/140 147/198/147 148/199/148
f 148/199/148 141/190/141 140/189/140
f 149/200/149 142/191/142 141/190/141
f 141/190/141 148/199/148 149/200/149
f 150/201/150 143/192/143 142/191/142
f 142/191/142 149/200/149 150/201/150
f 151/202/151 144/193/144 143/194/143
f 143/194/143 150/203/150 151/202/151
f 145/195/145 152/204/152 146/196/146
f 153/205/153 146/196/146 152/204/152
f 146/196/146 153/205/153 154/206/154
f 154/206/154 147/197/147 146/196/146
f 147/198/147 154/207/154 155/208/155
f 155/208/155 148/199/148 147/198/147
f 156/209/156 149/200/149 148/199/148
f 148/199/148 155/208/155 156/209/156
f 157/210/157 150/201/150 149/200/149
f 149/200/149 156/209/156 157/210/157
f 158/211/158 151/212/151 150/201/150
f 150/201/150 157/210/157 158/211/158
f 152/204/152 159/213/159 160/214/160
f 160/214/160 153/205/153 152/204/152
f 153/205/153 160/214/160 154/206/154
f 161/215/161 154/206/154 160/214/160
f 154/207/154 161/216/161 155/208/155
f 162/217/162 155/208/155 161/216/161
f 163/218/163 156/209/156 162/217/162
f 155/208/155 162/217/162 156/209/156
f 164/219/164 157/210/157 163/218/163
f 156/209/156 163/218/163 157/210/157
f 165/220/165 158/211/158 164/219/164
f 157/210/157 164/219/164 158/211/158
f 159/213/159 166/221/166 167/222/167
f 167/222/167 160/214/160 159/213/159
f 160/214/160 167/222/167 161/215/161
f 168/223/168 161/215/161 167/222/167
f 161/216/161 168/224/168 162/217/162
f 169/225/169 162/217/162 168/224/168
f 170/226/170 163/218/163 169/225/169
f 162/217/162 169/225/169 163/218/163
f 171/227/171 164/219/164 170/226/170
f 163/218/163 170/226/170 164/219/164
f 172/228/172 165/229/165 171/230/171
f 164/231/164 171/230/171 165/229/165
f 166/221/166 173/232/173 174/233/174
f 174/233/174 167/222/167 166/221/166
f 167/222/167 174/233/174 168/223/168
f 175/234/175 168/223/168 174/233/174
f 168/224/168 175/235/175 169/225/169
f 176/236/176 169/225/169 175/235/175
f 177/237/177 170/226/170 176/236/176
f 169/225/169 176/236/176 170/226/170
f 178/238/178 171/227/171 177/237/177
f 170/226/170 177/237/177 171/227/171
f 179/239/179 172/228/172 178/240/178
f 171/230/171 178/240/178 172/228/172
f 173/232/173 180/241/180 174/233/174
f 181/242/181 174/233/174 180/241/180
f 174/233/174 181/242/181 175/234/175
f 182/243/182 175/234/175 181/242/181
f 175/235/175 182/244/182 183/245/183
f 183/245/183 176/236/176 175/235/175
f 184/246/184 177/237/177 176/236/176
f 176/236/176 183/245/183 184/246/184
f 185/247/185 178/240/178 177/248/177
f 177/248/177 184/249/184 185/247/185
f 186/250/186 179/239/179 178/240/178
f 178/240/178 185/247/185 186/250/186
f 180/251/180 187/252/187 181/253/181
f 188/254/188 181/253/181 187/252/187
f 181/253/181 188/254/188 189/255/189
f 189/255/189 182/256/182 181/253/181
f 182/244/182 189/257/189 190/258/190
f 190/258/190 183/245/183 182/244/182
f 191/259/191 184/246/184 183/245/183
f 183/245/183 190/258/190 191/259/191
f 192/260/192 185/247/185 184/249/184
f 184/249/184 191/261/191 192/260/192
f 193/262/193 186/250/186 185/247/185
f 185/247/185 192/260/192 193/262/193
f 187/252/187 26/26/26 188/254/188
f 29/29/29 188/254/188 26/26/26
f 188/254/188 29/29/29 189/255/189
f 30/30/30 189/255/189 29/29/29
f 189/257/189 30/32/30 32/34/32
f 32/34/32 190/258/190 189/257/189
f 35/37/35 191/259/191 190/258/190
f 190/258/190 32/34/32 35/37/35
f 37/39/37 192/260/192 191/261/191
f 191/261/191 35/41/35 37/39/37
f 39/43/39 193/262/193 192/260/192
f 192/260/192 37/39/37 39/43/39
f 194/263/194 195/264/195 38/42/38
f 39/43/39 38/42/38 195/264/195
f 196/265/196 197/266/197 194/263/194
f 195/264/195 194/263/194 197/266/197
f 198/267/198 199/268/199 196/265/196
f 197/266/197 196/265/196 199/268/199
f 200/269/200 201/270/201 198/267/198
f 199/268/199 198/267/198 201/270/201
f 202/271/202 203/272/203 200/269/200
f 201/270/201 200/269/200 203/272/203
f 204/273/204 205/274/205 202/271/202
f 203/272/203 202/271/202 205/274/205
f 206/275/206 194/263/194 46/52/46
f 38/42/38 46/52/46 194/263/194
f 207/276/207 196/265/196 206/275/206
f 194/263/194 206/275/206 196/265/196
f 208/277/208 198/267/198 207/276/207
f 196/265/196 207/276/207 198/267/198
f 209/278/209 200/269/200 208/277/208
f 198/267/198 208/277/208 200/269/200
f 210/279/210 202/271/202 209/278/209
f 200/269/200 209/278/209 202/271/202
f 211/280/211 204/273/204 210/279/210
f 202/271/202 210/279/210 204/273/204
f 212/281/212 206/282/206 53/61/53
f 46/62/46 53/61/53 206/282/206
f 213/283/213 207/284/207 212/281/212
f 206/282/206 212/281/212 207/284/207
f 214/285/214 208/286/208 213/283/213
f 207/284/207 213/283/213 208/286/208
f 215/287/215 209/288/209 214/285/214
f 208/286/208 214/285/214 209/288/209
f 216/289/216 210/290/210 215/287/215
f 209/288/209 215/287/215 210/290/210
f 217/291/217 211/292/211 216/289/216
f 210/290/210 216/289/216 211/292/211
f 218/293/218 212/281/212 53/61/53
f 53/61/53 60/72/60 218/293/218
f 219/294/219 213/283/213 212/281/212
f 212/281/212 218/293/218 219/294/219
f 220/295/220 214/285/214 213/283/213
f 213/283/213 219/294/219 220/295/220
f 221/296/221 215/287/215 214/285/214
f 214/285/214 220/295/220 221/296/221
f 222/297/222 216/289/216 215/287/215
f 215/287/215 221/296/221 222/297/222
f 223/298/223 217/291/217 216/289/216
f 216/289/216 222/297/222 223/298/223
f 224/299/224 218/293/218 60/72/60
f 60/72/60 67/83/67 224/299/224
f 225/300/225 219/294/219 218/293/218
f 218/293/218 224/299/224 225/300/225
f 226/301/226 220/295/220 219/294/219
f 219/294/219 225/300/225 226/301/226
f 227/302/227 221/296/221 220/295/220
f 220/295/220 226/301/226 227/302/227
f 228/303/228 222/297/222 221/296/221
f 221/296/221 227/302/227 228/303/228
f 229/304/229 223/298/223 222/297/222
f 222/297/222 228/303/228 229/304/229
f 230/305/230 224/299/224 67/83/67
f 67/83/67 74/92/74 230/305/230
f 231/306/231 225/300/225 224/299/224
f 224/299/224 230/305/230 231/306/231
f 232/307/232 226/301/226 225/300/225
f 225/300/225 231/306/231 232/307/232
f 233/308/233 227/302/227 226/301/226
f 226/301/226 232/307/232 233/308/233
f 234/309/234 228/303/228 227/302/227
f 227/302/227 233/308/233 234/309/234
f 235/310/235 229/304/229 228/303/228
f 228/303/228 234/309/234 235/310/235
f 236/311/236 230/305/230 81/104/81
f 74/92/74 81/104/81 230/305/230
f 237/312/237 231/306/231 236/311/236
f 230/305/230 236/311/236 231/306/231
f 238/313/238 232/307/232 237/312/237
f 231/306/231 237/312/237 232/307/232
f 239/314/239 233/308/233 238/313/238
f 232/307/232 238/313/238 233/308/233
f 240/315/240 234/309/234 239/314/239
f 233/308/233 239/314/239 234/309/234
f 241/316/241 235/310/235 240/315/240
f 234/309/234 240/315/240 235/310/235
f 242/317/242 236/311/236 88/114/88
f 81/104/81 88/114/88 236/311/236
f 243/318/243 237/312/237 242/317/242
f 236/311/236 242/317/242 237/312/237
f 244/319/244 238/313/238 243/318/243
f 237/312/237 243/318/243 238/313/238
f 245/320/245 239/314/239 244/319/244
f 238/313/238 244/319/244 239/314/239
f 246/321/246 240/315/240 245/320/245
f 239/314/239 245/320/245 240/315/240
f 247/322/247 241/316/241 246/321/246
f 240/315/240 246/321/246 241/316/241
f 248/323/248 242/317/242 95/123/95
f 88/114/88 95/123/95 242/317/242
f 249/324/249 243/318/243 248/323/248
f 242/317/242 248/323/248 243/318/243
f 250/325/250 244/319/244 249/324/249
f 243/318/243 249/324/249 244/319/244
f 251/326/251 245/320/245 250/325/250
f 244/319/244 250/325/250 245/320/245
f 252/327/252 246/321/246 251/326/251
f 245/320/245 251/326/251 246/321/246
f 253/328/253 247/322/247 252/327/252
f 246/321/246 252/327/252 247/322/247
f 254/329/254 248/323/248 95/123/95
f 95/123/95 102/132/102 254/329/254
f 255/330/255 249/324/249 248/323/248
f 248/323/248 254/329/254 255/330/255
f 256/331/256 250/325/250 249/324/249
f 249/324/249 255/330/255 256/331/256
f 257/332/257 251/326/251 250/325/250
f 250/325/250 256/331/256 257/332/257
f 258/333/258 252/327/252 251/326/251
f 251/326/251 257/332/257 258/333/258
f 259/334/259 253/328/253 252/327/252
f 252/327/252 258/333/258 259/334/259
f 260/335/260 254/336/254 102/142/102
f 102/142/102 109/141/109 260/335/260
f 261/337/261 255/338/255 254/336/254
f 254/336/254 260/335/260 261/337/261
f 262/339/262 256/331/256 255/330/255
f 255/330/255 261/340/261 262/339/262
f 263/341/263 257/332/257 256/331/256
f 256/331/256 262/339/262 263/341/263
f 264/342/264 258/333/258 257/332/257
f 257/332/257 263/341/263 264/342/264
f 265/343/265 259/344/259 258/345/258
f 258/345/258 264/346/264 265/343/265
f 266/347/266 260/348/260 109/349/109
f 109/349/109 116/159/116 266/347/266
f 267/350/267 261/351/261 260/348/260
f 260/348/260 266/347/266 267/350/267
f 268/352/268 262/353/262 261/351/261
f 261/351/261 267/350/267 268/352/268
f 269/354/269 263/355/263 262/353/262
f 262/353/262 268/352/268 269/354/269
f 270/356/270 264/346/264 263/355/263
f 263/355/263 269/354/269 270/356/270
f 271/357/271 265/343/265 264/346/264
f 264/346/264 270/356/270 271/357/271
f 272/358/272 266/347/266 123/158/123
f 116/159/116 123/158/123 266/347/266
f 273/359/273 267/350/267 272/358/272
f 266/347/266 272/358/272 267/350/267
f 274/360/274 268/352/268 273/359/273
f 267/350/267 273/359/273 268/352/268
f 275/361/275 269/354/269 274/360/274
f 268/352/268 274/360/274 269/354/269
f 276/362/276 270/356/270 275/361/275
f 269/354/269 275/361/275 270/356/270
f 277/363/277 271/357/271 276/362/276
f 270/356/270 276/362/276 271/357/271
f 278/364/278 272/358/272 130/169/130
f 123/158/123 130/169/130 272/358/272
f 279/365/279 273/359/273 278/364/278
f 272/358/272 278/364/278 273/359/273
f 280/366/280 274/360/274 279/365/279
f 273/359/273 279/365/279 274/360/274
f 281/367/281 275/361/275 280/366/280
f 274/360/274 280/366/280 275/361/275
f 282/368/282 276/362/276 281/367/281
f 275/361/275 281/367/281 276/362/276
f 283/369/283 277/363/277 282/368/282
f 276/362/276 282/368/282 277/363/277
f 284/370/284 278/364/278 137/183/137
f 130/169/130 137/183/137 278/364/278
f 285/371/285 279/365/279 284/370/284
f 278/364/278 284/370/284 279/365/279
f 286/372/286 280/366/280 285/371/285
f 279/365/279 285/371/285 280/366/280
f 287/373/287 281/367/281 286/372/286
f 280/366/280 286/372/286 281/367/281
f 288/374/288 282/368/282 287/373/287
f 281/367/281 287/373/287 282/368/282
f 289/375/289 283/369/283 288/374/288
f 282/368/282 288/374/288 283/369/283
f 290/376/290 284/370/284 137/183/137
f 137/183/137 144/193/144 290/376/290
f 291/377/291 285/371/285 284/370/284
f 284/370/284 290/376/290 291/377/291
f 292/378/292 286/372/286 285/371/285
f 285/371/285 291/377/291 292/378/292
f 293/379/293 287/373/287 286/372/286
f 286/372/286 292/378/292 293/379/293
f 294/380/294 288/374/288 287/373/287
f 287/373/287 293/379/293 294/380/294
f 295/381/295 289/375/289 288/374/288
f 288/374/288 294/380/294 295/381/295
f 296/382/296 290/376/290 144/193/144
f 144/193/144 151/202/151 296/382/296
f 297/383/297 291/377/291 290/376/290
f 290/376/290 296/382/296 297/383/297
f 298/384/298 292/378/292 291/377/291
f 291/377/291 297/383/297 298/384/298
f 299/385/299 293/379/293 292/378/292
f 292/378/292 298/384/298 299/385/299
f 300/386/300 294/380/294 293/379/293
f 293/379/293 299/385/299 300/386/300
f 301/387/301 295/381/295 294/380/294
f 294/380/294 300/386/300 301/387/301
f 302/388/302 296/382/296 151/202/151
f 151/202/151 158/389/158 302/388/302
f 303/390/303 297/383/297 296/382/296
f 296/382/296 302/388/302 303/390/303
f 304/391/304 298/384/298 297/383/297
f 297/383/297 303/390/303 304/391/304
f 305/392/305 299/385/299 298/384/298
f 298/384/298 304/391/304 305/392/305
f 306/393/306 300/386/300 299/385/299
f 299/385/299 305/392/305 306/393/306
f 307/394/307 301/387/301 300/386/300
f 300/386/300 306/393/306 307/394/307
f 308/395/308 302/396/302 165/229/165
f 158/397/158 165/229/165 302/396/302
f 309/398/309 303/399/303 308/395/308
f 302/396/302 308/395/308 303/399/303
f 310/400/310 304/401/304 309/398/309
f 303/399/303 309/398/309 304/401/304
f 311/402/311 305/403/305 310/400/310
f 304/401/304 310/400/310 305/403/305
f 312/404/312 306/405/306 311/402/311
f 305/403/305 311/402/311 306/405/306
f 313/406/313 307/407/307 312/404/312
f 306/405/306 312/404/312 307/407/307
f 314/408/314 308/395/308 172/228/172
f 165/229/165 172/228/172 308/395/308
f 315/409/315 309/398/309 314/408/314
f 308/395/308 314/408/314 309/398/309
f 316/410/316 310/400/310 315/409/315
f 309/398/309 315/409/315 310/400/310
f 317/411/317 311/402/311 316/410/316
f 310/400/310 316/410/316 311/402/311
f 318/412/318 312/404/312 317/411/317
f 311/402/311 317/411/317 312/404/312
f 319/413/319 313/406/313 318/412/318
f 312/404/312 318/412/318 313/406/313
f 320/414/320 314/408/314 179/239/179
f 172/228/172 179/239/179 314/408/314
f 321/415/321 315/409/315 320/414/320
f 314/408/314 320/414/320 315/409/315
f 322/416/322 316/410/316 321/415/321
f 315/409/315 321/415/321 316/410/316
f 323/417/323 317/411/317 322/416/322
f 316/410/316 322/416/322 317/411/317
f 324/418/324 318/412/318 323/417/323
f 317/411/317 323/417/323 318/412/318
f 325/419/325 319/413/319 324/418/324
f 318/412/318 324/418/324 319/413/319
f 326/420/326 320/414/320 179/239/179
f 179/239/179 186/250/186 326/420/326
f 327/421/327 321/415/321 320/414/320
f 320/414/320 326/420/326 327/421/327
f 328/422/328 322/416/322 321/415/321
f 321/415/321 327/421/327 328/422/328
f 329/423/329 323/417/323 322/416/322
f 322/416/322 328/422/328 329/423/329
f 330/424/330 324/418/324 323/417/323
f 323/417/323 329/423/329 330/424/330
f 331/425/331 325/419/325 324/418/324
f 324/418/324 330/424/330 331/425/331
f 332/426/332 326/420/326 186/250/186
f 186/250/186 193/262/193 332/426/332
f 333/427/333 327/421/327 326/420/326
f 326/420/326 332/426/332 333/427/333
f 334/428/334 328/422/328 327/421/327
f 327/421/327 333/427/333 334/428/334
f 335/429/335 329/423/329 328/422/328
f 328/422/328 334/428/334 335/429/335
f 336/430/336 330/424/330 329/423/329
f 329/423/329 335/429/335 336/430/336
f 337/431/337 331/425/331 330/424/330
f 330/424/330 336/430/336 337/431/337
f 195/264/195 332/426/332 193/262/193
f 193/262/193 39/43/39 195/264/195
f 197/266/197 333/427/333 332/426/332
f 332/426/332 195/264/195 197/266/197
f 199/268/199 334/428/334 333/427/333
f 333/427/333 197/266/197 199/268/199
f 201/270/201 335/429/335 334/428/334
f 334/428/334 199/268/199 201/270/201
f 203/272/203 336/430/336 335/429/335
f 335/429/335 201/270/201 203/272/203
f 205/274/205 337/431/337 336/430/336
f 336/430/336 203/272/203 205/274/205
f 338/432/338 339/433/339 205/274/205
f 205/274/205 204/273/204 338/432/338
f 340/434/340 341/435/341 339/433/339
f 339/433/339 338/432/338 340/434/340
f 342/436/342 343/437/343 341/438/341
f 341/438/341 340/439/340 342/436/342
f 344/440/344 345/441/345 343/437/343
f 343/437/343 342/436/342 344/440/344
f 346/442/346 347/443/347 345/441/345
f 345/441/345 344/440/344 346/442/346
f 348/444/348 349/445/349 347/443/347
f 347/443/347 346/442/346 348/444/348
f 350/446/350 338/432/338 204/273/204
f 204/273/204 211/280/211 350/446/350
f 351/447/351 340/439/340 338/448/338
f 338/448/338 350/449/350 351/447/351
f 352/450/352 342/436/342 340/439/340
f 340/439/340 351/447/351 352/450/352
f 353/451/353 344/440/344 342/436/342
f 342/436/342 352/450/352 353/451/353
f 354/452/354 346/442/346 344/440/344
f 344/440/344 353/451/353 354/452/354
f 355/453/355 348/444/348 346/442/346
f 346/442/346 354/452/354 355/453/355
f 356/454/356 350/455/350 211/292/211
f 211/292/211 217/291/217 356/454/356
f 357/456/357 351/447/351 350/449/350
f 350/449/350 356/457/356 357/456/357
f 358/458/358 352/450/352 351/447/351
f 351/447/351 357/456/357 358/458/358
f 359/459/359 353/451/353 352/450/352
f 352/450/352 358/458/358 359/459/359
f 360/460/360 354/452/354 353/451/353
f 353/451/353 359/459/359 360/460/360
f 361/461/361 355/453/355 354/452/354
f 354/452/354 360/460/360 361/461/361
f 362/462/362 356/454/356 223/298/223
f 217/291/217 223/298/223 356/454/356
f 363/463/363 357/456/357 362/464/362
f 356/457/356 362/464/362 357/456/357
f 364/465/364 358/458/358 363/463/363
f 357/456/357 363/463/363 358/458/358
f 365/466/365 359/459/359 364/465/364
f 358/458/358 364/465/364 359/459/359
f 366/467/366 360/460/360 365/466/365
f 359/459/359 365/466/365 360/460/360
f 367/468/367 361/461/361 366/467/366
f 360/460/360 366/467/366 361/461/361
f 368/469/368 362/462/362 229/304/229
f 223/298/223 229/304/229 362/462/362
f 369/470/369 363/471/363 368/469/368
f 362/462/362 368/469/368 363/471/363
f 370/472/370 364/465/364 369/473/369
f 363/463/363 369/473/369 364/465/364
f 371/474/371 365/466/365 370/472/370
f 364/465/364 370/472/370 365/466/365
f 372/475/372 366/467/366 371/474/371
f 365/466/365 371/474/371 366/467/366
f 373/476/373 367/468/367 372/475/372
f 366/467/366 372/475/372 367/468/367
f 374/477/374 368/469/368 235/310/235
f 229/304/229 235/310/235 368/469/368
f 375/478/375 369/470/369 374/477/374
f 368/469/368 374/477/374 369/470/369
f 376/479/376 370/472/370 375/480/375
f 369/473/369 375/480/375 370/472/370
f 377/481/377 371/474/371 376/479/376
f 370/472/370 376/479/376 371/474/371
f 378/482/378 372/475/372 377/481/377
f 371/474/371 377/481/377 372/475/372
f 379/483/379 373/484/373 378/485/378
f 372/486/372 378/485/378 373/484/373
f 380/487/380 374/477/374 235/310/235
f 235/310/235 241/316/241 380/487/380
f 381/488/381 375/478/375 374/477/374
f 374/477/374 380/487/380 381/488/381
f 382/489/382 376/479/376 375/480/375
f 375/480/375 381/490/381 382/489/382
f 383/491/383 377/481/377 376/479/376
f 376/479/376 382/489/382 383/491/383
f 384/492/384 378/482/378 377/481/377
f 377/481/377 383/491/383 384/492/384
f 385/493/385 379/483/379 378/485/378
f 378/485/378 384/494/384 385/493/385
f 386/495/386 380/487/380 241/316/241
f 241/316/241 247/322/247 386/495/386
f 387/496/387 381/488/381 380/487/380
f 380/487/380 386/495/386 387/496/387
f 388/497/388 382/489/382 381/490/381
f 381/490/381 387/498/387 388/497/388
f 389/499/389 383/491/383 382/489/382
f 382/489/382 388/497/388 389/499/389
f 390/500/390 384/492/384 383/491/383
f 383/491/383 389/499/389 390/500/390
f 391/501/391 385/493/385 384/494/384
f 384/494/384 390/502/390 391/501/391
f 392/503/392 386/495/386 247/322/247
f 247/322/247 253/328/253 392/503/392
f 393/504/393 387/496/387 386/495/386
f 386/495/386 392/503/392 393/504/393
f 394/505/394 388/497/388 387/498/387
f 387/498/387 393/506/393 394/505/394
f 395/507/395 389/499/389 388/497/388
f 388/497/388 394/505/394 395/507/395
f 396/508/396 390/500/390 389/499/389
f 389/499/389 395/507/395 396/508/396
f 397/509/397 391/501/391 390/502/390
f 390/502/390 396/510/396 397/509/397
f 398/511/398 392/503/392 259/334/259
f 253/328/253 259/334/259 392/503/392
f 399/512/399 393/504/393 398/511/398
f 392/503/392 398/511/398 393/504/393
f 400/513/400 394/505/394 399/514/399
f 393/506/393 399/514/399 394/505/394
f 401/515/401 395/507/395 400/513/400
f 394/505/394 400/513/400 395/507/395
f 402/516/402 396/508/396 401/515/401
f 395/507/395 401/515/401 396/508/396
f 403/517/403 397/518/397 402/516/402
f 396/508/396 402/516/402 397/518/397
f 404/519/404 398/520/398 265/343/265
f 259/344/259 265/343/265 398/520/398
f 405/521/405 399/522/399 404/519/404
f 398/520/398 404/519/404 399/522/399
f 406/523/406 400/513/400 405/524/405
f 399/514/399 405/524/405 400/513/400
f 407/525/407 401/515/401 406/523/406
f 400/513/400 406/523/406 401/515/401
f 408/526/408 402/516/402 407/525/407
f 401/515/401 407/525/407 402/516/402
f 409/527/409 403/528/403 408/529/408
f 402/530/402 408/529/408 403/528/403
f 410/531/410 404/519/404 271/357/271
f 265/343/265 271/357/271 404/519/404
f 411/532/411 405/521/405 410/531/410
f 404/519/404 410/531/410 405/521/405
f 412/533/412 406/534/406 411/532/411
f 405/521/405 411/532/411 406/534/406
f 413/535/413 407/536/407 412/533/412
f 406/534/406 412/533/412 407/536/407
f 414/537/414 408/526/408 413/538/413
f 407/525/407 413/538/413 408/526/408
f 415/539/415 409/527/409 414/540/414
f 408/529/408 414/540/414 409/527/409
f 416/541/416 410/531/410 271/357/271
f 271/357/271 277/363/277 416/541/416
f 417/542/417 411/532/411 410/531/410
f 410/531/410 416/541/416 417/542/417
f 418/543/418 412/533/412 411/532/411
f 411/532/411 417/542/417 418/543/418
f 419/544/419 413/535/413 412/533/412
f 412/533/412 418/543/418 419/544/419
f 420/545/420 414/540/414 413/535/413
f 413/535/413 419/544/419 420/545/420
f 421/546/421 415/539/415 414/540/414
f 414/540/414 420/545/420 421/546/421
f 422/547/422 416/541/416 277/363/277
f 277/363/277 283/369/283 422/547/422
f 423/548/423 417/542/417 416/541/416
f 416/541/416 422/547/422 423/548/423
f 424/549/424 418/543/418 417/542/417
f 417/542/417 423/548/423 424/549/424
f 425/550/425 419/544/419 418/543/418
f 418/543/418 424/549/424 425/550/425
f 426/551/426 420/545/420 419/544/419
f 419/544/419 425/550/425 426/551/426
f 427/552/427 421/546/421 420/545/420
f 420/545/420 426/551/426 427/552/427
f 428/553/428 422/547/422 283/369/283
f 283/369/283 289/375/289 428/553/428
f 429/554/429 423/548/423 422/547/422
f 422/547/422 428/553/428 429/554/429
f 430/555/430 424/549/424 423/548/423
f 423/548/423 429/554/429 430/555/430
f 431/556/431 425/550/425 424/549/424
f 424/549/424 430/555/430 431/556/431
f 432/557/432 426/551/426 425/550/425
f 425/550/425 431/556/431 432/557/432
f 433/558/433 427/552/427 426/551/426
f 426/551/426 432/557/432 433/558/433
f 434/559/434 428/553/428 295/381/295
f 289/375/289 295/381/295 428/553/428
f 435/560/435 429/554/429 434/559/434
f 428/553/428 434/559/434 429/554/429
f 436/561/436 430/555/430 435/560/435
f 429/554/429 435/560/435 430/555/430
f 437/562/437 431/556/431 436/561/436
f 430/555/430 436/561/436 431/556/431
f 438/563/438 432/557/432 437/562/437
f 431/556/431 437/562/437 432/557/432
f 439/564/439 433/558/433 438/563/438
f 432/557/432 438/563/438 433/558/433
f 440/565/440 434/559/434 301/387/301
f 295/381/295 301/387/301 434/559/434
f 441/566/441 435/560/435 440/565/440
f 434/559/434 440/565/440 435/560/435
f 442/567/442 436/561/436 441/566/441
f 435/560/435 441/566/441 436/561/436
f 443/568/443 437/562/437 442/567/442
f 436/561/436 442/567/442 437/562/437
f 444/569/444 438/563/438 443/568/443
f 437/562/437 443/568/443 438/563/438
f 445/570/445 439/564/439 444/569/444
f 438/563/438 444/569/444 439/564/439
f 446/571/446 440/565/440 307/394/307
f 301/387/301 307/394/307 440/565/440
f 447/572/447 441/566/441 446/571/446
f 440/565/440 446/571/446 441/566/441
f 448/573/448 442/567/442 447/572/447
f 441/566/441 447/572/447 442/567/442
f 449/574/449 443/575/443 448/576/448
f 442/577/442 448/576/448 443/575/443
f 450/578/450 444/579/444 449/574/449
f 443/575/443 449/574/449 444/579/444
f 451/580/451 445/570/445 450/581/450
f 444/569/444 450/581/450 445/570/445
f 452/582/452 446/571/446 307/394/307
f 307/394/307 313/583/313 452/582/452
f 453/584/453 447/572/447 446/571/446
f 446/571/446 452/582/452 453/584/453
f 454/585/454 448/576/448 447/586/447
f 447/586/447 453/587/453 454/585/454
f 455/588/455 449/574/449 448/576/448
f 448/576/448 454/585/454 455/588/455
f 456/589/456 450/578/450 449/574/449
f 449/574/449 455/588/455 456/589/456
f 457/590/457 451/580/451 450/581/450
f 450/581/450 456/591/456 457/590/457
f 458/592/458 452/593/452 313/406/313
f 313/406/313 319/413/319 458/592/458
f 459/594/459 453/595/453 452/593/452
f 452/593/452 458/592/458 459/594/459
f 460/596/460 454/585/454 453/587/453
f 453/587/453 459/597/459 460/596/460
f 461/598/461 455/588/455 454/585/454
f 454/585/454 460/596/460 461/598/461
f 462/599/462 456/589/456 455/588/455
f 455/588/455 461/598/461 462/599/462
f 463/600/463 457/601/457 456/589/456
f 456/589/456 462/599/462 463/600/463
f 464/602/464 458/592/458 319/413/319
f 319/413/319 325/419/325 464/602/464
f 465/603/465 459/594/459 458/592/458
f 458/592/458 464/602/464 465/603/465
f 466/604/466 460/596/460 459/597/459
f 459/597/459 465/605/465 466/604/466
f 467/606/467 461/598/461 460/596/460
f 460/596/460 466/604/466 467/606/467
f 468/607/468 462/599/462 461/598/461
f 461/598/461 467/606/467 468/607/468
f 469/608/469 463/609/463 462/610/462
f 462/610/462 468/611/468 469/608/469
f 470/612/470 464/602/464 331/425/331
f 325/419/325 331/425/331 464/602/464
f 471/613/471 465/603/465 470/612/470
f 464/602/464 470/612/470 465/603/465
f 472/614/472 466/604/466 471/615/471
f 465/605/465 471/615/471 466/604/466
f 473/616/473 467/606/467 472/614/472
f 466/604/466 472/614/472 467/606/467
f 474/617/474 468/607/468 473/616/473
f 467/606/467 473/616/473 468/607/468
f 475/618/475 469/608/469 474/619/474
f 468/611/468 474/619/474 469/608/469
f 476/620/476 470/612/470 337/431/337
f 331/425/331 337/431/337 470/612/470
f 477/621/477 471/613/471 476/620/476
f 470/612/470 476/620/476 471/613/471
f 478/622/478 472/614/472 477/623/477
f 471/615/471 477/623/477 472/614/472
f 479/624/479 473/616/473 478/622/478
f 472/614/472 478/622/478 473/616/473
f 480/625/480 474/617/474 479/624/479
f 473/616/473 479/624/479 474/617/474
f 481/626/481 475/618/475 480/627/480
f 474/619/474 480/627/480 475/618/475
f 339/433/339 476/620/476 205/274/205
f 337/431/337 205/274/205 476/620/476
f 341/435/341 477/621/477 339/433/339
f 476/620/476 339/433/339 477/621/477
f 343/437/343 478/622/478 341/438/341
f 477/623/477 341/438/341 478/622/478
f 345/441/345 479/624/479 343/437/343
f 478/622/478 343/437/343 479/624/479
f 347/443/347 480/625/480 345/441/345
f 479/624/479 345/441/345 480/625/480
f 349/445/349 481/628/481 347/443/347
f 480/625/480 347/443/347 481/628/481
f 1/1/1 3/3/3 482/629/482
f 483/630/483 482/629/482 3/3/3
f 482/629/482 483/630/483 484/631/484
f 485/632/485 484/631/484 483/630/483
f 484/631/484 485/632/485 486/633/486
f 487/634/487 486/633/486 485/632/485
f 486/633/486 487/634/487 488/635/488
f 489/636/489 488/635/488 487/634/487
f 488/637/488 489/638/489 349/639/349
f 481/626/481 349/639/349 489/638/489
f 3/3/3 4/4/4 483/630/483
f 490/640/490 483/630/483 4/4/4
f 483/630/483 490/640/490 485/632/485
f 491/641/491 485/632/485 490/640/490
f 485/632/485 491/641/491 487/634/487
f 492/642/492 487/634/487 491/641/491
f 487/634/487 492/642/492 489/636/489
f 493/643/493 489/636/489 492/642/492
f 489/638/489 493/644/493 481/626/481
f 475/618/475 481/626/481 493/644/493
f 4/4/4 5/5/5 490/640/490
f 494/645/494 490/640/490 5/5/5
f 490/640/490 494/645/494 491/641/491
f 495/646/495 491/641/491 494/645/494
f 491/641/491 495/646/495 492/642/492
f 496/647/496 492/642/492 495/646/495
f 492/642/492 496/647/496 493/643/493
f 497/648/497 493/643/493 496/647/496
f 493/644/493 497/649/497 475/618/475
f 469/608/469 475/618/475 497/649/497
f 5/5/5 6/6/6 498/650/498
f 498/650/498 494/645/494 5/5/5
f 494/645/494 498/650/498 499/651/499
f 499/651/499 495/646/495 494/645/494
f 495/646/495 499/651/499 500/652/500
f 500/652/500 496/647/496 495/646/495
f 496/647/496 500/652/500 501/653/501
f 501/653/501 497/648/497 496/647/496
f 497/649/497 501/654/501 463/609/463
f 463/609/463 469/608/469 497/649/497
f 6/6/6 7/7/7 502/655/502
f 502/655/502 498/650/498 6/6/6
f 498/650/498 502/655/502 503/656/503
f 503/656/503 499/651/499 498/650/498
f 499/651/499 503/656/503 504/657/504
f 504/657/504 500/652/500 499/651/499
f 500/652/500 504/657/504 505/658/505
f 505/658/505 501/653/501 500/652/500
f 501/654/501 505/659/505 457/660/457
f 457/660/457 463/609/463 501/654/501
f 7/7/7 8/8/8 506/661/506
f 506/661/506 502/655/502 7/7/7
f 502/655/502 506/661/506 507/662/507
f 507/662/507 503/656/503 502/655/502
f 503/656/503 507/662/507 508/663/508
f 508/663/508 504/657/504 503/656/503
f 504/657/504 508/663/508 509/664/509
f 509/664/509 505/658/505 504/657/504
f 505/665/505 509/666/509 451/580/451
f 451/580/451 457/590/457 505/665/505
f 8/8/8 9/9/9 506/661/506
f 510/667/510 506/661/506 9/9/9
f 506/661/506 510/667/510 507/662/507
f 511/668/511 507/662/507 510/667/510
f 507/662/507 511/668/511 508/663/508
f 512/669/512 508/663/508 511/668/511
f 508/663/508 512/669/512 509/664/509
f 513/670/513 509/664/509 512/669/512
f 509/666/509 513/671/513 451/580/451
f 445/570/445 451/580/451 513/671/513
f 9/9/9 10/10/10 510/667/510
f 514/672/514 510/667/510 10/10/10
f 510/667/510 514/672/514 511/668/511
f 515/673/515 511/668/511 514/672/514
f 511/668/511 515/673/515 512/669/512
f 516/674/516 512/669/512 515/673/515
f 512/669/512 516/674/516 513/670/513
f 517/675/517 513/670/513 516/674/516
f 513/671/513 517/676/517 445/570/445
f 439/564/439 445/570/445 517/676/517
f 10/10/10 11/11/11 514/672/514
f 518/677/518 514/672/514 11/11/11
f 514/672/514 518/677/518 515/673/515
f 519/678/519 515/673/515 518/677/518
f 515/673/515 519/678/519 516/674/516
f 520/679/520 516/674/516 519/678/519
f 516/674/516 520/679/520 517/675/517
f 521/680/521 517/675/517 520/679/520
f 517/676/517 521/681/521 439/564/439
f 433/558/433 439/564/439 521/681/521
f 11/11/11 12/12/12 522/682/522
f 522/682/522 518/677/518 11/11/11
f 518/677/518 522/682/522 523/683/523
f 523/683/523 519/678/519 518/677/518
f 519/678/519 523/683/523 524/684/524
f 524/684/524 520/679/520 519/678/519
f 520/679/520 524/684/524 525/685/525
f 525/685/525 521/680/521 520/679/520
f 521/681/521 525/686/525 427/552/427
f 427/552/427 433/558/433 521/681/521
f 12/12/12 13/13/13 526/687/526
f 526/687/526 522/682/522 12/12/12
f 522/682/522 526/687/526 527/688/527
f 527/688/527 523/683/523 522/682/522
f 523/683/523 527/688/527 528/689/528
f 528/689/528 524/684/524 523/683/523
f 524/684/524 528/689/528 529/690/529
f 529/690/529 525/685/525 524/684/524
f 525/686/525 529/691/529 421/546/421
f 421/546/421 427/552/427 525/686/525
f 13/13/13 14/14/14 530/692/530
f 530/692/530 526/687/526 13/13/13
f 526/687/526 530/692/530 531/693/531
f 531/693/531 527/688/527 526/687/526
f 527/688/527 531/693/531 532/694/532
f 532/694/532 528/689/528 527/688/527
f 528/689/528 532/694/532 533/695/533
f 533/695/533 529/690/529 528/689/528
f 529/691/529 533/696/533 415/539/415
f 415/539/415 421/546/421 529/691/529
f 14/14/14 15/15/15 530/692/530
f 534/697/534 530/692/530 15/15/15
f 530/692/530 534/697/534 531/693/531
f 535/698/535 531/693/531 534/697/534
f 531/693/531 535/698/535 532/694/532
f 536/699/536 532/694/532 535/698/535
f 532/694/532 536/699/536 533/695/533
f 537/700/537 533/695/533 536/699/536
f 533/696/533 537/701/537 415/539/415
f 409/527/409 415/539/415 537/701/537
f 15/15/15 16/16/16 534/697/534
f 538/702/538 534/697/534 16/16/16
f 534/697/534 538/702/538 535/698/535
f 539/703/539 535/698/535 538/702/538
f 535/698/535 539/703/539 536/699/536
f 540/704/540 536/699/536 539/703/539
f 536/699/536 540/704/540 537/700/537
f 541/705/541 537/700/537 540/704/540
f 537/701/537 541/706/541 409/527/409
f 403/528/403 409/527/409 541/706/541
f 16/16/16 17/17/17 538/702/538
f 542/707/542 538/702/538 17/17/17
f 538/702/538 542/707/542 539/703/539
f 543/708/543 539/703/539 542/707/542
f 539/703/539 543/708/543 540/704/540
f 544/709/544 540/704/540 543/708/543
f 540/704/540 544/709/544 541/705/541
f 545/710/545 541/705/541 544/709/544
f 541/711/541 545/712/545 403/713/403
f 397/509/397 403/713/403 545/712/545
f 17/17/17 18/18/18 546/714/546
f 546/714/546 542/707/542 17/17/17
f 542/707/542 546/714/546 547/715/547
f 547/715/547 543/708/543 542/707/542
f 543/708/543 547/715/547 548/716/548
f 548/716/548 544/709/544 543/708/543
f 544/709/544 548/716/548 549/717/549
f 549/717/549 545/710/545 544/709/544
f 545/712/545 549/718/549 391/501/391
f 391/501/391 397/509/397 545/712/545
f 18/18/18 19/19/19 550/719/550
f 550/719/550 546/714/546 18/18/18
f 546/714/546 550/719/550 551/720/551
f 551/720/551 547/715/547 546/714/546
f 547/715/547 551/720/551 552/721/552
f 552/721/552 548/716/548 547/715/547
f 548/716/548 552/721/552 553/722/553
f 553/722/553 549/717/549 548/716/548
f 549/718/549 553/723/553 385/493/385
f 385/493/385 391/501/391 549/718/549
f 19/19/19 20/20/20 554/724/554
f 554/724/554 550/719/550 19/19/19
f 550/719/550 554/724/554 555/725/555
f 555/725/555 551/720/551 550/719/550
f 551/720/551 555/725/555 556/726/556
f 556/726/556 552/721/552 551/720/551
f 552/721/552 556/726/556 557/727/557
f 557/727/557 553/722/553 552/721/552
f 553/723/553 557/728/557 379/483/379
f 379/483/379 385/493/385 553/723/553
f 20/20/20 21/21/21 554/724/554
f 558/729/558 554/724/554 21/21/21
f 554/724/554 558/729/558 555/725/555
f 559/730/559 555/725/555 558/729/558
f 555/725/555 559/730/559 556/726/556
f 560/731/560 556/726/556 559/730/559
f 556/726/556 560/731/560 557/727/557
f 561/732/561 557/727/557 560/731/560
f 557/728/557 561/733/561 379/483/379
f 373/484/373 379/483/379 561/733/561
f 21/21/21 22/22/22 558/729/558
f 562/734/562 558/729/558 22/22/22
f 558/729/558 562/734/562 559/730/559
f 563/735/563 559/730/559 562/734/562
f 559/730/559 563/735/563 560/731/560
f 564/736/564 560/731/560 563/735/563
f 560/731/560 564/736/564 561/732/561
f 565/737/565 561/732/561 564/736/564
f 561/733/561 565/738/565 373/484/373
f 367/739/367 373/484/373 565/738/565
f 22/22/22 23/23/23 562/734/562
f 566/740/566 562/734/562 23/23/23
f 562/734/562 566/740/566 563/735/563
f 567/741/567 563/735/563 566/740/566
f 563/735/563 567/741/567 564/736/564
f 568/742/568 564/736/564 567/741/567
f 564/736/564 568/742/568 565/737/565
f 569/743/569 565/737/565 568/742/568
f 565/738/565 569/744/569 367/739/367
f 361/745/361 367/739/367 569/744/569
f 23/23/23 24/24/24 570/746/570
f 570/746/570 566/740/566 23/23/23
f 566/740/566 570/746/570 571/747/571
f 571/747/571 567/741/567 566/740/566
f 567/741/567 571/747/571 572/748/572
f 572/748/572 568/742/568 567/741/567
f 568/742/568 572/748/572 573/749/573
f 573/749/573 569/743/569 568/742/568
f 569/743/569 573/749/573 355/453/355
f 355/453/355 361/461/361 569/743/569
f 24/24/24 25/25/25 574/750/574
f 574/750/574 570/746/570 24/24/24
f 570/746/570 574/750/574 575/751/575
f 575/751/575 571/747/571 570/746/570
f 571/747/571 575/751/575 576/752/576
f 576/752/576 572/748/572 571/747/571
f 572/748/572 576/752/576 577/753/577
f 577/753/577 573/749/573 572/748/572
f 573/754/573 577/755/577 348/756/348
f 348/756/348 355/757/355 573/754/573
f 25/25/25 1/1/1 482/629/482
f 482/629/482 574/750/574 25/25/25
f 574/750/574 482/629/482 484/631/484
f 484/631/484 575/751/575 574/750/574
f 575/751/575 484/631/484 486/633/486
f 486/633/486 576/752/576 575/751/575
f 576/752/576 486/633/486 488/635/488
f 488/635/488 577/753/577 576/752/576
f 577/755/577 488/637/488 349/639/349
f 349/639/349 348/756/348 577/755/577
f 578/758/578 579/759/579 580/760/580
f 581/761/581 580/760/580 579/759/579
f 582/762/582 578/758/578 583/763/583
f 580/760/580 583/763/583 578/758/578
f 584/764/584 582/765/582 585/766/585
f 583/767/583 585/766/585 582/765/582
f 586/768/586 584/764/584 585/766/585
f 585/766/585 587/769/587 586/768/586
f 588/770/588 586/768/586 587/769/587
f 587/769/587 589/771/589 588/770/588
f 590/772/590 588/770/588 589/771/589
f 589/771/589 591/773/591 590/772/590
f 592/774/592 590/772/590 593/775/593
f 591/773/591 593/775/593 590/772/590
f 594/776/594 592/774/592 595/777/595
f 593/775/593 595/777/595 592/774/592
f 596/778/596 594/776/594 597/779/597
f 595/777/595 597/779/597 594/776/594
f 598/780/598 596/778/596 597/779/597
f 597/779/597 599/781/599 598/780/598
f 600/782/600 598/780/598 599/781/599
f 599/781/599 601/783/601 600/782/600
f 602/784/602 600/785/600 601/786/601
f 601/786/601 603/787/603 602/784/602
f 604/788/604 602/784/602 605/789/605
f 603/787/603 605/789/605 602/784/602
f 606/790/606 604/788/604 607/791/607
f 605/789/605 607/791/607 604/788/604
f 608/792/608 606/790/606 609/793/609
f 607/791/607 609/793/609 606/790/606
f 610/794/610 608/792/608 609/793/609
f 609/793/609 611/795/611 610/794/610
f 612/796/612 610/794/610 611/795/611
f 611/795/611 613/797/613 612/796/612
f 614/798/614 612/796/612 613/797/613
f 613/797/613 615/799/615 614/798/614
f 616/800/616 614/801/614 617/802/617
f 615/803/615 617/802/617 614/801/614
f 618/804/618 616/800/616 619/805/619
f 617/802/617 619/805/619 616/800/616
f 620/806/620 618/804/618 621/807/621
f 619/805/619 621/807/621 618/804/618
f 622/808/622 620/806/620 621/807/621
f 621/807/621 623/809/623 622/808/622
f 624/810/624 622/808/622 623/809/623
f 623/809/623 625/811/625 624/810/624
f 579/759/579 624/810/624 625/811/625
f 625/811/625 581/761/581 579/759/579
f 626/812/626 627/813/627 578/814/578
f 579/815/579 578/814/578 627/813/627
f 628/816/628 629/817/629 626/812/626
f 627/813/627 626/812/626 629/817/629
f 630/818/630 631/819/631 628/816/628
f 629/817/629 628/816/628 631/819/631
f 632/820/632 633/821/633 630/818/630
f 631/819/631 630/818/630 633/821/633
f 634/822/634 635/823/635 632/820/632
f 633/821/633 632/820/632 635/823/635
f 636/824/636 637/825/637 634/826/634
f 635/827/635 634/826/634 637/825/637
f 638/828/638 626/812/626 582/829/582
f 578/814/578 582/829/582 626/812/626
f 639/830/639 628/816/628 638/828/638
f 626/812/626 638/828/638 628/816/628
f 640/831/640 630/818/630 639/830/639
f 628/816/628 639/830/639 630/818/630
f 641/832/641 632/820/632 640/831/640
f 630/818/630 640/831/640 632/820/632
f 642/833/642 634/822/634 641/832/641
f 632/820/632 641/832/641 634/822/634
f 643/834/643 636/835/636 642/833/642
f 634/822/634 642/833/642 636/835/636
f 644/836/644 638/828/638 584/837/584
f 582/829/582 584/837/584 638/828/638
f 645/838/645 639/830/639 644/836/644
f 638/828/638 644/836/644 639/830/639
f 646/839/646 640/831/640 645/838/645
f 639/830/639 645/838/645 640/831/640
f 647/840/647 641/832/641 646/839/646
f 640/831/640 646/839/646 641/832/641
f 648/841/648 642/833/642 647/840/647
f 641/832/641 647/840/647 642/833/642
f 649/842/649 643/834/643 648/841/648
f 642/833/642 648/841/648 643/834/643
f 650/843/650 644/836/644 584/837/584
f 584/837/584 586/844/586 650/843/650
f 651/845/651 645/838/645 644/836/644
f 644/836/644 650/843/650 651/845/651
f 652/846/652 646/839/646 645/838/645
f 645/838/645 651/845/651 652/846/652
f 653/847/653 647/840/647 646/839/646
f 646/839/646 652/846/652 653/847/653
f 654/848/654 648/841/648 647/840/647
f 647/840/647 653/847/653 654/848/654
f 655/849/655 649/842/649 648/841/648
f 648/841/648 654/848/654 655/849/655
f 656/850/656 650/843/650 586/844/586
f 586/844/586 588/851/588 656/850/656
f 657/852/657 651/845/651 650/843/650
f 650/843/650 656/850/656 657/852/657
f 658/853/658 652/846/652 651/845/651
f 651/845/651 657/852/657 658/853/658
f 659/854/659 653/847/653 652/846/652
f 652/846/652 658/853/658 659/854/659
f 660/855/660 654/848/654 653/847/653
f 653/847/653 659/854/659 660/855/660
f 661/856/661 655/857/655 654/858/654
f 654/858/654 660/859/660 661/856/661
f 662/860/662 656/850/656 588/851/588
f 588/851/588 590/861/590 662/860/662
f 663/862/663 657/852/657 656/850/656
f 656/850/656 662/860/662 663/862/663
f 664/863/664 658/853/658 657/852/657
f 657/852/657 663/862/663 664/863/664
f 665/864/665 659/854/659 658/853/658
f 658/853/658 664/863/664 665/864/665
f 666/865/666 660/855/660 659/854/659
f 659/854/659 665/864/665 666/865/666
f 667/866/667 661/856/661 660/859/660
f 660/859/660 666/867/666 667/866/667
f 668/868/668 662/860/662 592/869/592
f 590/861/590 592/869/592 662/860/662
f 669/870/669 663/862/663 668/868/668
f 662/860/662 668/868/668 663/862/663
f 670/871/670 664/863/664 669/870/669
f 663/862/663 669/870/669 664/863/664
f 671/872/671 665/864/665 670/871/670
f 664/863/664 670/871/670 665/864/665
f 672/873/672 666/865/666 671/872/671
f 665/864/665 671/872/671 666/865/666
f 673/874/673 667/866/667 672/875/672
f 666/867/666 672/875/672 667/866/667
f 674/876/674 668/868/668 594/877/594
f 592/869/592 594/877/594 668/868/668
f 675/878/675 669/870/669 674/876/674
f 668/868/668 674/876/674 669/870/669
f 676/879/676 670/871/670 675/878/675
f 669/870/669 675/878/675 670/871/670
f 677/880/677 671/872/671 676/879/676
f 670/871/670 676/879/676 671/872/671
f 678/881/678 672/873/672 677/880/677
f 671/872/671 677/880/677 672/873/672
f 679/882/679 673/874/673 678/883/678
f 672/875/672 678/883/678 673/874/673
f 680/884/680 674/876/674 596/885/596
f 594/877/594 596/885/596 674/876/674
f 681/886/681 675/878/675 680/884/680
f 674/876/674 680/884/680 675/878/675
f 682/887/682 676/879/676 681/886/681
f 675/878/675 681/886/681 676/879/676
f 683/888/683 677/880/677 682/887/682
f 676/879/676 682/887/682 677/880/677
f 684/889/684 678/881/678 683/888/683
f 677/880/677 683/888/683 678/881/678
f 685/890/685 679/891/679 684/889/684
f 678/881/678 684/889/684 679/891/679
f 686/892/686 680/884/680 596/885/596
f 596/885/596 598/893/598 686/892/686
f 687/894/687 681/886/681 680/884/680
f 680/884/680 686/892/686 687/894/687
f 688/895/688 682/887/682 681/886/681
f 681/886/681 687/894/687 688/895/688
f 689/896/689 683/888/683 682/887/682
f 682/887/682 688/895/688 689/896/689
f 690/897/690 684/889/684 683/888/683
f 683/888/683 689/896/689 690/897/690
f 691/898/691 685/890/685 684/889/684
f 684/889/684 690/897/690 691/898/691
f 692/899/692 686/892/686 598/893/598
f 598/893/598 600/900/600 692/899/692
f 693/901/693 687/894/687 686/892/686
f 686/892/686 692/899/692 693/901/693
f 694/902/694 688/895/688 687/894/687
f 687/894/687 693/901/693 694/902/694
f 695/903/695 689/896/689 688/895/688
f 688/895/688 694/902/694 695/903/695
f 696/904/696 690/897/690 689/896/689
f 689/896/689 695/903/695 696/904/696
f 697/905/697 691/898/691 690/897/690
f 690/897/690 696/904/696 697/905/697
f 698/906/698 692/899/692 600/900/600
f 600/900/600 602/907/602 698/906/698
f 699/908/699 693/901/693 692/899/692
f 692/899/692 698/906/698 699/908/699
f 700/909/700 694/902/694 693/901/693
f 693/901/693 699/908/699 700/909/700
f 701/910/701 695/903/695 694/902/694
f 694/902/694 700/909/700 701/910/701
f 702/911/702 696/904/696 695/903/695
f 695/903/695 701/910/701 702/911/702
f 703/912/703 697/905/697 696/904/696
f 696/904/696 702/911/702 703/912/703
f 704/913/704 698/906/698 604/914/604
f 602/907/602 604/914/604 698/906/698
f 705/915/705 699/908/699 704/913/704
f 698/906/698 704/913/704 699/908/699
f 706/916/706 700/909/700 705/915/705
f 699/908/699 705/915/705 700/909/700
f 707/917/707 701/910/701 706/916/706
f 700/909/700 706/916/706 701/910/701
f 708/918/708 702/911/702 707/917/707
f 701/910/701 707/917/707 702/911/702
f 709/919/709 703/912/703 708/918/708
f 702/911/702 708/918/708 703/912/703
f 710/920/710 704/913/704 606/921/606
f 604/914/604 606/921/606 704/913/704
f 711/922/711 705/915/705 710/920/710
f 704/913/704 710/920/710 705/915/705
f 712/923/712 706/916/706 711/922/711
f 705/915/705 711/922/711 706/916/706
f 713/924/713 707/917/707 712/923/712
f 706/916/706 712/923/712 707/917/707
f 714/925/714 708/918/708 713/924/713
f 707/917/707 713/924/713 708/918/708
f 715/926/715 709/919/709 714/925/714
f 708/918/708 714/925/714 709/919/709
f 716/927/716 710/920/710 608/928/608
f 606/921/606 608/928/608 710/920/710
f 717/929/717 711/922/711 716/927/716
f 710/920/710 716/927/716 711/922/711
f 718/930/718 712/923/712 717/929/717
f 711/922/711 717/929/717 712/923/712
f 719/931/719 713/924/713 718/930/718
f 712/923/712 718/930/718 713/924/713
f 720/932/720 714/925/714 719/931/719
f 713/924/713 719/931/719 714/925/714
f 721/933/721 715/926/715 720/932/720
f 714/925/714 720/932/720 715/926/715
f 722/934/722 716/927/716 608/928/608
f 608/928/608 610/935/610 722/934/722
f 723/936/723 717/929/717 716/927/716
f 716/927/716 722/934/722 723/936/723
f 724/937/724 718/930/718 717/929/717
f 717/929/717 723/936/723 724/937/724
f 725/938/725 719/931/719 718/930/718
f 718/930/718 724/937/724 725/938/725
f 726/939/726 720/932/720 719/931/719
f 719/931/719 725/938/725 726/939/726
f 727/940/727 721/933/721 720/932/720
f 720/932/720 726/939/726 727/940/727
f 728/941/728 722/934/722 610/935/610
f 610/935/610 612/942/612 728/941/728
f 729/943/729 723/936/723 722/934/722
f 722/934/722 728/941/728 729/943/729
f 730/944/730 724/937/724 723/936/723
f 723/936/723 729/943/729 730/944/730
f 731/945/731 725/938/725 724/937/724
f 724/937/724 730/944/730 731/945/731
f 732/946/732 726/939/726 725/938/725
f 725/938/725 731/945/731 732/946/732
f 733/947/733 727/940/727 726/939/726
f 726/939/726 732/946/732 733/947/733
f 734/948/734 728/941/728 612/942/612
f 612/942/612 614/949/614 734/948/734
f 735/950/735 729/943/729 728/941/728
f 728/941/728 734/948/734 735/950/735
f 736/951/736 730/944/730 729/943/729
f 729/943/729 735/950/735 736/951/736
f 737/952/737 731/945/731 730/944/730
f 730/944/730 736/951/736 737/952/737
f 738/953/738 732/946/732 731/945/731
f 731/945/731 737/952/737 738/953/738
f 739/954/739 733/947/733 732/946/732
f 732/946/732 738/953/738 739/954/739
f 740/955/740 734/948/734 616/956/616
f 614/949/614 616/956/616 734/948/734
f 741/957/741 735/950/735 740/955/740
f 734/948/734 740/955/740 735/950/735
f 742/958/742 736/951/736 741/957/741
f 735/950/735 741/957/741 736/951/736
f 743/959/743 737/952/737 742/958/742
f 736/951/736 742/958/742 737/952/737
f 744/960/744 738/953/738 743/959/743
f 737/952/737 743/959/743 738/953/738
f 745/961/745 739/954/739 744/960/744
f 738/953/738 744/960/744 739/954/739
f 746/962/746 740/955/740 618/963/618
f 616/956/616 618/963/618 740/955/740
f 747/964/747 741/957/741 746/962/746
f 740/955/740 746/962/746 741/957/741
f 748/965/748 742/958/742 747/964/747
f 741/957/741 747/964/747 742/958/742
f 749/966/749 743/959/743 748/965/748
f 742/958/742 748/965/748 743/959/743
f 750/967/750 744/960/744 749/966/749
f 743/959/743 749/966/749 744/960/744
f 751/968/751 745/961/745 750/967/750
f 744/960/744 750/967/750 745/961/745
f 752/969/752 746/962/746 620/970/620
f 618/963/618 620/970/620 746/962/746
f 753/971/753 747/964/747 752/969/752
f 746/962/746 752/969/752 747/964/747
f 754/972/754 748/965/748 753/971/753
f 747/964/747 753/971/753 748/965/748
f 755/973/755 749/966/749 754/972/754
f 748/965/748 754/972/754 749/966/749
f 756/974/756 750/967/750 755/973/755
f 749/966/749 755/973/755 750/967/750
f 757/975/757 751/968/751 756/974/756
f 750/967/750 756/974/756 751/968/751
f 758/976/758 752/969/752 620/970/620
f 620/970/620 622/977/622 758/976/758
f 759/978/759 753/971/753 752/969/752
f 752/969/752 758/976/758 759/978/759
f 760/979/760 754/972/754 753/971/753
f 753/971/753 759/978/759 760/979/760
f 761/980/761 755/973/755 754/972/754
f 754/972/754 760/979/760 761/980/761
f 762/981/762 756/974/756 755/973/755
f 755/973/755 761/980/761 762/981/762
f 763/982/763 757/983/757 756/984/756
f 756/984/756 762/985/762 763/982/763
f 764/986/764 758/976/758 622/977/622
f 622/977/622 624/987/624 764/986/764
f 765/988/765 759/978/759 758/976/758
f 758/976/758 764/986/764 765/988/765
f 766/989/766 760/979/760 759/978/759
f 759/978/759 765/988/765 766/989/766
f 767/990/767 761/980/761 760/979/760
f 760/979/760 766/989/766 767/990/767
f 768/991/768 762/981/762 761/980/761
f 761/980/761 767/990/767 768/991/768
f 769/992/769 763/982/763 762/985/762
f 762/985/762 768/993/768 769/992/769
f 627/813/627 764/986/764 624/987/624
f 624/987/624 579/815/579 627/813/627
f 629/817/629 765/988/765 764/986/764
f 764/986/764 627/813/627 629/817/629
f 631/819/631 766/989/766 765/988/765
f 765/988/765 629/817/629 631/819/631
f 633/821/633 767/990/767 766/989/766
f 766/989/766 631/819/631 633/821/633
f 635/823/635 768/991/768 767/990/767
f 767/990/767 633/821/633 635/823/635
f 637/825/637 769/992/769 768/993/768
f 768/993/768 635/827/635 637/825/637
f 770/994/770 771/995/771 772/996/772
f 773/997/773 772/996/772 771/995/771
f 774/998/774 770/994/770 775/999/775
f 772/996/772 775/999/775 770/994/770
f 776/1000/776 777/1001/777 774/998/774
f 774/998/774 775/999/775 776/1000/776
f 778/1002/778 779/1003/779 776/1000/776
f 777/1001/777 776/1000/776 779/1003/779
f 780/1004/780 781/1005/781 778/1002/778
f 779/1003/779 778/1002/778 781/1005/781
f 782/1006/782 783/1007/783 780/1008/780
f 781/1009/781 780/1008/780 783/1007/783
f 772/996/772 773/997/773 784/1010/784
f 785/1011/785 784/1010/784 773/997/773
f 775/999/775 772/996/772 786/1012/786
f 784/1010/784 786/1012/786 772/996/772
f 776/1000/776 775/999/775 787/1013/787
f 786/1012/786 787/1013/787 775/999/775
f 788/1014/788 778/1002/778 776/1000/776
f 776/1000/776 787/1013/787 788/1014/788
f 789/1015/789 780/1004/780 788/1014/788
f 778/1002/778 788/1014/788 780/1004/780
f 790/1016/790 782/1017/782 789/1018/789
f 780/1019/780 789/1018/789 782/1017/782
f 784/1020/784 785/1021/785 791/1022/791
f 792/1023/792 791/1022/791 785/1021/785
f 786/1024/786 784/1020/784 793/1025/793
f 791/1022/791 793/1025/793 784/1020/784
f 787/1026/787 786/1024/786 794/1027/794
f 793/1025/793 794/1027/794 786/1024/786
f 795/1028/795 788/1029/788 787/1026/787
f 787/1026/787 794/1027/794 795/1028/795
f 796/1030/796 789/1018/789 795/1028/795
f 788/1029/788 795/1028/795 789/1018/789
f 797/1031/797 790/1016/790 796/1030/796
f 789/1018/789 796/1030/796 790/1016/790
f 791/1022/791 792/1023/792 798/1032/798
f 799/1033/799 798/1032/798 792/1023/792
f 793/1025/793 791/1022/791 800/1034/800
f 798/1032/798 800/1034/800 791/1022/791
f 794/1027/794 793/1025/793 801/1035/801
f 800/1034/800 801/1035/801 793/1025/793
f 802/1036/802 795/1028/795 794/1027/794
f 794/1027/794 801/1035/801 802/1036/802
f 803/1037/803 796/1030/796 802/1036/802
f 795/1028/795 802/1036/802 796/1030/796
f 804/1038/804 797/1031/797 803/1037/803
f 796/1030/796 803/1037/803 797/1031/797
f 798/1039/798 799/1040/799 805/1041/805
f 806/1042/806 805/1041/805 799/1040/799
f 800/1043/800 798/1039/798 807/1044/807
f 805/1041/805 807/1044/807 798/1039/798
f 801/1045/801 800/1043/800 808/1046/808
f 807/1044/807 808/1046/808 800/1043/800
f 809/1047/809 802/1048/802 801/1045/801
f 801/1045/801 808/1046/808 809/1047/809
f 810/1049/810 803/1037/803 809/1050/809
f 802/1036/802 809/1050/809 803/1037/803
f 811/1051/811 804/1038/804 810/1049/810
f 803/1037/803 810/1049/810 804/1038/804
f 805/1041/805 806/1042/806 812/1052/812
f 813/1053/813 812/1052/812 806/1042/806
f 807/1044/807 805/1041/805 814/1054/814
f 812/1052/812 814/1054/814 805/1041/805
f 815/1055/815 808/1046/808 814/1054/814
f 807/1044/807 814/1054/814 808/1046/808
f 816/1056/816 809/1047/809 815/1055/815
f 808/1046/808 815/1055/815 809/1047/809
f 817/1057/817 810/1058/810 816/1056/816
f 809/1047/809 816/1056/816 810/1058/810
f 818/1059/818 811/1060/811 817/1061/817
f 810/1062/810 817/1061/817 811/1060/811
f 819/1063/819 820/1064/820 812/1052/812
f 812/1052/812 813/1053/813 819/1063/819
f 820/1064/820 821/1065/821 814/1054/814
f 814/1054/814 812/1052/812 820/1064/820
f 822/1066/822 815/1055/815 814/1054/814
f 814/1054/814 821/1065/821 822/1066/822
f 823/1067/823 816/1056/816 815/1055/815
f 815/1055/815 822/1066/822 823/1067/823
f 824/1068/824 817/1057/817 816/1056/816
f 816/1056/816 823/1067/823 824/1068/824
f 825/1069/825 818/1059/818 817/1061/817
f 817/1061/817 824/1070/824 825/1069/825
f 826/1071/826 827/1072/827 820/1064/820
f 820/1064/820 819/1063/819 826/1071/826
f 827/1072/827 828/1073/828 821/1065/821
f 821/1065/821 820/1064/820 827/1072/827
f 828/1073/828 829/1074/829 822/1066/822
f 822/1066/822 821/1065/821 828/1073/828
f 830/1075/830 823/1067/823 829/1074/829
f 822/1066/822 829/1074/829 823/1067/823
f 831/1076/831 824/1068/824 823/1067/823
f 823/1067/823 830/1075/830 831/1076/831
f 832/1077/832 825/1069/825 824/1070/824
f 824/1070/824 831/1078/831 832/1077/832
f 833/1079/833 834/1080/834 827/1072/827
f 827/1072/827 826/1071/826 833/1079/833
f 834/1080/834 835/1081/835 828/1073/828
f 828/1073/828 827/1072/827 834/1080/834
f 835/1082/835 836/1083/836 829/1084/829
f 829/1085/829 828/1086/828 835/1087/835
f 837/1088/837 830/1089/830 836/1090/836
f 829/1091/829 836/1090/836 830/1089/830
f 838/1092/838 831/1078/831 830/1089/830
f 830/1089/830 837/1088/837 838/1092/838
f 839/1093/839 832/1077/832 831/1078/831
f 831/1078/831 838/1092/838 839/1093/839
f 840/1094/840 841/1095/841 834/1096/834
f 834/1096/834 833/1097/833 840/1094/840
f 841/1095/841 842/1098/842 835/1099/835
f 835/1099/835 834/1096/834 841/1095/841
f 842/1098/842 843/1100/843 836/1090/836
f 836/1090/836 835/1099/835 842/1098/842
f 844/1101/844 837/1088/837 843/1100/843
f 836/1090/836 843/1100/843 837/1088/837
f 845/1102/845 838/1103/838 837/1104/837
f 837/1104/837 844/1105/844 845/1102/845
f 846/1106/846 839/1107/839 838/1103/838
f 838/1103/838 845/1102/845 846/1106/846
f 847/1108/847 848/1109/848 841/1110/841
f 841/1110/841 840/1111/840 847/1108/847
f 848/1109/848 849/1112/849 842/1113/842
f 842/1113/842 841/1110/841 848/1109/848
f 849/1112/849 850/1114/850 843/1115/843
f 843/1115/843 842/1113/842 849/1112/849
f 851/1116/851 844/1117/844 850/1114/850
f 843/1115/843 850/1114/850 844/1117/844
f 852/1118/852 845/1119/845 844/1117/844
f 844/1117/844 851/1116/851 852/1118/852
f 853/1120/853 846/1106/846 845/1102/845
f 845/1102/845 852/1121/852 853/1120/853
f 771/995/771 770/994/770 848/1109/848
f 848/1109/848 847/1108/847 771/995/771
f 770/994/770 774/998/774 849/1112/849
f 849/1112/849 848/1109/848 770/994/770
f 777/1001/777 850/1114/850 774/998/774
f 849/1112/849 774/998/774 850/1114/850
f 779/1003/779 851/1116/851 850/1114/850
f 850/1114/850 777/1001/777 779/1003/779
f 781/1005/781 852/1118/852 851/1116/851
f 851/1116/851 779/1003/779 781/1005/781
f 783/1007/783 853/1120/853 852/1121/852
f 852/1121/852 781/1009/781 783/1007/783
f 854/1122/854 855/1123/855 782/1006/782
f 783/1007/783 782/1006/782 855/1123/855
f 856/1124/856 857/1125/857 855/1123/855
f 855/1123/855 854/1122/854 856/1124/856
f 858/1126/858 859/1127/859 857/1125/857
f 857/1125/857 856/1124/856 858/1126/858
f 860/1128/860 861/1129/861 859/1127/859
f 859/1127/859 858/1126/858 860/1128/860
f 862/1130/862 863/1131/863 861/1132/861
f 861/1132/861 860/1133/860 862/1130/862
f 864/1134/864 865/1135/865 863/1131/863
f 863/1131/863 862/1130/862 864/1134/864
f 866/1136/866 854/1137/854 782/1017/782
f 782/1017/782 790/1016/790 866/1136/866
f 867/1138/867 856/1139/856 854/1137/854
f 854/1137/854 866/1136/866 867/1138/867
f 868/1140/868 858/1141/858 856/1139/856
f 856/1139/856 867/1138/867 868/1140/868
f 869/1142/869 860/1143/860 858/1141/858
f 858/1141/858 868/1140/868 869/1142/869
f 870/1144/870 862/1130/862 860/1133/860
f 860/1133/860 869/1145/869 870/1144/870
f 871/1146/871 864/1134/864 870/1144/870
f 862/1130/862 870/1144/870 864/1134/864
f 872/1147/872 866/1136/866 790/1016/790
f 790/1016/790 797/1031/797 872/1147/872
f 873/1148/873 867/1138/867 866/1136/866
f 866/1136/866 872/1147/872 873/1148/873
f 874/1149/874 868/1140/868 867/1138/867
f 867/1138/867 873/1148/873 874/1149/874
f 875/1150/875 869/1142/869 874/1149/874
f 868/1140/868 874/1149/874 869/1142/869
f 876/1151/876 870/1152/870 875/1150/875
f 869/1142/869 875/1150/875 870/1152/870
f 877/1153/877 871/1154/871 876/1151/876
f 870/1152/870 876/1151/876 871/1154/871
f 878/1155/878 872/1147/872 797/1031/797
f 797/1031/797 804/1038/804 878/1155/878
f 879/1156/879 873/1148/873 872/1147/872
f 872/1147/872 878/1155/878 879/1156/879
f 880/1157/880 874/1149/874 873/1148/873
f 873/1148/873 879/1156/879 880/1157/880
f 881/1158/881 875/1150/875 880/1157/880
f 874/1149/874 880/1157/880 875/1150/875
f 882/1159/882 876/1151/876 881/1158/881
f 875/1150/875 881/1158/881 876/1151/876
f 883/1160/883 877/1153/877 882/1159/882
f 876/1151/876 882/1159/882 877/1153/877
f 884/1161/884 878/1155/878 804/1038/804
f 804/1038/804 811/1051/811 884/1161/884
f 885/1162/885 879/1156/879 878/1155/878
f 878/1155/878 884/1161/884 885/1162/885
f 886/1163/886 880/1157/880 879/1156/879
f 879/1156/879 885/1162/885 886/1163/886
f 887/1164/887 881/1165/881 880/1166/880
f 880/1166/880 886/1167/886 887/1164/887
f 888/1168/888 882/1169/882 881/1165/881
f 881/1165/881 887/1164/887 888/1168/888
f 889/1170/889 883/1171/883 888/1168/888
f 882/1169/882 888/1168/888 883/1171/883
f 890/1172/890 884/1173/884 811/1060/811
f 811/1060/811 818/1059/818 890/1172/890
f 891/1174/891 885/1175/885 884/1173/884
f 884/1173/884 890/1172/890 891/1174/891
f 892/1176/892 886/1177/886 885/1175/885
f 885/1175/885 891/1174/891 892/1176/892
f 893/1178/893 887/1179/887 886/1180/886
f 886/1181/886 892/1182/892 893/1183/893
f 894/1184/894 888/1168/888 887/1164/887
f 887/1164/887 893/1185/893 894/1184/894
f 895/1186/895 889/1170/889 888/1168/888
f 888/1168/888 894/1184/894 895/1186/895
f 896/1187/896 890/1172/890 825/1069/825
f 818/1059/818 825/1069/825 890/1172/890
f 897/1188/897 891/1174/891 896/1187/896
f 890/1172/890 896/1187/896 891/1174/891
f 898/1189/898 892/1176/892 897/1188/897
f 891/1174/891 897/1188/897 892/1176/892
f 899/1190/899 893/1191/893 898/1189/898
f 892/1176/892 898/1189/898 893/1191/893
f 900/1192/900 894/1193/894 899/1190/899
f 893/1191/893 899/1190/899 894/1193/894
f 901/1194/901 895/1186/895 900/1195/900
f 894/1184/894 900/1195/900 895/1186/895
f 902/1196/902 896/1187/896 832/1077/832
f 825/1069/825 832/1077/832 896/1187/896
f 903/1197/903 897/1188/897 902/1196/902
f 896/1187/896 902/1196/902 897/1188/897
f 904/1198/904 898/1189/898 903/1197/903
f 897/1188/897 903/1197/903 898/1189/898
f 905/1199/905 899/1190/899 904/1198/904
f 898/1189/898 904/1198/904 899/1190/899
f 906/1200/906 900/1192/900 905/1199/905
f 899/1190/899 905/1199/905 900/1192/900
f 907/1201/907 901/1202/901 900/1192/900
f 900/1192/900 906/1200/906 907/1201/907
f 908/1203/908 902/1196/902 839/1093/839
f 832/1077/832 839/1093/839 902/1196/902
f 909/1204/909 903/1197/903 908/1203/908
f 902/1196/902 908/1203/908 903/1197/903
f 910/1205/910 904/1198/904 909/1204/909
f 903/1197/903 909/1204/909 904/1198/904
f 911/1206/911 905/1199/905 904/1198/904
f 904/1198/904 910/1205/910 911/1206/911
f 912/1207/912 906/1200/906 905/1199/905
f 905/1199/905 911/1206/911 912/1207/912
f 913/1208/913 907/1201/907 906/1200/906
f 906/1200/906 912/1207/912 913/1208/913
f 914/1209/914 908/1210/908 846/1106/846
f 839/1107/839 846/1106/846 908/1210/908
f 915/1211/915 909/1212/909 914/1209/914
f 908/1210/908 914/1209/914 909/1212/909
f 916/1213/916 910/1214/910 915/1211/915
f 909/1212/909 915/1211/915 910/1214/910
f 917/1215/917 911/1216/911 910/1214/910
f 910/1214/910 916/1213/916 917/1215/917
f 918/1217/918 912/1218/912 911/1216/911
f 911/1216/911 917/1215/917 918/1217/918
f 919/1219/919 913/1220/913 912/1218/912
f 912/1218/912 918/1217/918 919/1219/919
f 920/1221/920 914/1209/914 853/1120/853
f 846/1106/846 853/1120/853 914/1209/914
f 921/1222/921 915/1211/915 920/1221/920
f 914/1209/914 920/1221/920 915/1211/915
f 922/1223/922 916/1213/916 921/1222/921
f 915/1211/915 921/1222/921 916/1213/916
f 923/1224/923 917/1215/917 922/1223/922
f 916/1213/916 922/1223/922 917/1215/917
f 924/1225/924 918/1217/918 923/1224/923
f 917/1215/917 923/1224/923 918/1217/918
f 925/1226/925 919/1227/919 918/1228/918
f 918/1228/918 924/1229/924 925/1226/925
f 855/1123/855 920/1221/920 853/1120/853
f 853/1120/853 783/1007/783 855/1123/855
f 857/1125/857 921/1222/921 855/1123/855
f 920/1221/920 855/1123/855 921/1222/921
f 859/1127/859 922/1223/922 857/1125/857
f 921/1222/921 857/1125/857 922/1223/922
f 861/1129/861 923/1224/923 859/1127/859
f 922/1223/922 859/1127/859 923/1224/923
f 863/1230/863 924/1225/924 861/1129/861
f 923/1224/923 861/1129/861 924/1225/924
f 865/1135/865 925/1226/925 863/1131/863
f 924/1229/924 863/1131/863 925/1226/925
f 926/1231/926 927/1232/927 928/1233/928
f 928/1233/928 929/1234/929 926/1231/926
f 929/1234/929 928/1233/928 930/1235/930
f 930/1235/930 931/1236/931 929/1234/929
f 931/1236/931 930/1235/930 932/1237/932
f 932/1237/932 933/1238/933 931/1236/931
f 933/1239/933 932/1240/932 934/1241/934
f 934/1241/934 935/1242/935 933/1239/933
f 935/1242/935 934/1241/934 936/1243/936
f 936/1243/936 937/1244/937 935/1242/935
f 937/1245/937 936/1246/936 938/1247/938
f 939/1248/939 938/1247/938 936/1246/936
f 940/1249/940 941/1250/941 927/1251/927
f 928/1252/928 927/1251/927 941/1250/941
f 928/1252/928 941/1250/941 942/1253/942
f 942/1253/942 930/1254/930 928/1252/928
f 930/1254/930 942/1253/942 943/1255/943
f 943/1255/943 932/1256/932 930/1254/930
f 932/1256/932 943/1255/943 944/1257/944
f 944/1257/944 934/1258/934 932/1256/932
f 934/1258/934 944/1257/944 936/1259/936
f 945/1260/945 936/1259/936 944/1257/944
f 936/1259/936 945/1260/945 939/1261/939
f 946/1262/946 939/1261/939 945/1260/945
f 947/1263/947 948/1264/948 940/1249/940
f 941/1250/941 940/1249/940 948/1264/948
f 941/1250/941 948/1264/948 949/1265/949
f 949/1265/949 942/1253/942 941/1250/941
f 942/1253/942 949/1265/949 943/1255/943
f 950/1266/950 943/1255/943 949/1265/949
f 943/1255/943 950/1266/950 944/1257/944
f 951/1267/951 944/1257/944 950/1266/950
f 944/1257/944 951/1267/951 945/1260/945
f 952/1268/952 945/1260/945 951/1267/951
f 945/1260/945 952/1268/952 946/1262/946
f 953/1269/953 946/1262/946 952/1268/952
f 954/1270/954 955/1271/955 947/1263/947
f 948/1264/948 947/1263/947 955/1271/955
f 948/1264/948 955/1271/955 956/1272/956
f 956/1272/956 949/1265/949 948/1264/948
f 949/1265/949 956/1272/956 950/1266/950
f 957/1273/957 950/1266/950 956/1272/956
f 950/1266/950 957/1273/957 951/1267/951
f 958/1274/958 951/1267/951 957/1273/957
f 951/1267/951 958/1274/958 952/1268/952
f 959/1275/959 952/1268/952 958/1274/958
f 952/1268/952 959/1275/959 953/1269/953
f 960/1276/960 953/1269/953 959/1275/959
f 954/1277/954 961/1278/961 962/1279/962
f 962/1279/962 955/1280/955 954/1277/954
f 955/1280/955 962/1279/962 956/1281/956
f 963/1282/963 956/1281/956 962/1279/962
f 956/1283/956 963/1284/963 957/1285/957
f 964/1286/964 957/1285/957 963/1284/963
f 957/1285/957 964/1286/964 958/1287/958
f 965/1288/965 958/1274/958 964/1289/964
f 958/1274/958 965/1288/965 959/1275/959
f 966/1290/966 959/1275/959 965/1288/965
f 959/1291/959 966/1292/966 960/1293/960
f 967/1294/967 960/1293/960 966/1292/966
f 961/1278/961 968/1295/968 962/1279/962
f 969/1296/969 962/1279/962 968/1295/968
f 962/1279/962 969/1296/969 963/1282/963
f 970/1297/970 963/1282/963 969/1296/969
f 963/1284/963 970/1298/970 964/1286/964
f 971/1299/971 964/1286/964 970/1298/970
f 964/1286/964 971/1299/971 965/1300/965
f 972/1301/972 965/1300/965 971/1299/971
f 965/1300/965 972/1301/972 966/1302/966
f 973/1303/973 966/1302/966 972/1301/972
f 966/1292/966 973/1304/973 967/1294/967
f 974/1305/974 967/1294/967 973/1304/973
f 968/1295/968 975/1306/975 976/1307/976
f 976/1307/976 969/1296/969 968/1295/968
f 969/1296/969 976/1307/976 977/1308/977
f 977/1308/977 970/1297/970 969/1296/969
f 970/1298/970 977/1309/977 978/1310/978
f 978/1310/978 971/1299/971 970/1298/970
f 971/1299/971 978/1310/978 979/1311/979
f 979/1311/979 972/1301/972 971/1299/971
f 972/1301/972 979/1311/979 980/1312/980
f 980/1312/980 973/1303/973 972/1301/972
f 973/1304/973 980/1313/980 981/1314/981
f 981/1314/981 974/1305/974 973/1304/973
f 975/1306/975 982/1315/982 976/1307/976
f 983/1316/983 976/1307/976 982/1315/982
f 976/1317/976 983/1318/983 984/1319/984
f 984/1319/984 977/1309/977 976/1317/976
f 977/1309/977 984/1319/984 985/1320/985
f 985/1320/985 978/1310/978 977/1309/977
f 978/1310/978 985/1320/985 986/1321/986
f 986/1321/986 979/1311/979 978/1310/978
f 979/1311/979 986/1321/986 987/1322/987
f 987/1322/987 980/1312/980 979/1311/979
f 980/1312/980 987/1322/987 988/1323/988
f 988/1323/988 981/1324/981 980/1312/980
f 983/1325/983 982/1326/982 989/1327/989
f 989/1327/989 990/1328/990 983/1325/983
f 983/1318/983 990/1329/990 984/1319/984
f 991/1330/991 984/1319/984 990/1329/990
f 984/1319/984 991/1330/991 992/1331/992
f 992/1331/992 985/1320/985 984/1319/984
f 985/1320/985 992/1331/992 993/1332/993
f 993/1332/993 986/1321/986 985/1320/985
f 986/1321/986 993/1332/993 994/1333/994
f 994/1333/994 987/1322/987 986/1321/986
f 987/1322/987 994/1333/994 995/1334/995
f 995/1334/995 988/1323/988 987/1322/987
f 990/1328/990 989/1327/989 996/1335/996
f 996/1335/996 997/1336/997 990/1328/990
f 990/1328/990 997/1336/997 991/1337/991
f 998/1338/998 991/1337/991 997/1336/997
f 991/1337/991 998/1338/998 999/1339/999
f 999/1339/999 992/1340/992 991/1337/991
f 992/1340/992 999/1339/999 1000/1341/1000
f 1000/1341/1000 993/1342/993 992/1340/992
f 993/1342/993 1000/1341/1000 1001/1343/1001
f 1001/1343/1001 994/1344/994 993/1342/993
f 994/1344/994 1001/1343/1001 1002/1345/1002
f 1002/1345/1002 995/1346/995 994/1344/994
f 997/1347/997 996/1348/996 1003/1349/1003
f 1003/1349/1003 1004/1350/1004 997/1347/997
f 997/1347/997 1004/1350/1004 998/1351/998
f 1005/1352/1005 998/1351/998 1004/1350/1004
f 998/1338/998 1005/1353/1005 999/1339/999
f 1006/1354/1006 999/1339/999 1005/1353/1005
f 999/1339/999 1006/1354/1006 1000/1341/1000
f 1007/1355/1007 1000/1341/1000 1006/1354/1006
f 1000/1341/1000 1007/1355/1007 1008/1356/1008
f 1008/1356/1008 1001/1343/1001 1000/1341/1000
f 1001/1343/1001 1008/1356/1008 1009/1357/1009
f 1009/1357/1009 1002/1345/1002 1001/1343/1001
f 1003/1349/1003 926/1231/926 1004/1350/1004
f 929/1234/929 1004/1350/1004 926/1231/926
f 1004/1350/1004 929/1234/929 1005/1352/1005
f 931/1236/931 1005/1352/1005 929/1234/929
f 1005/1353/1005 931/1358/931 1006/1354/1006
f 933/1239/933 1006/1354/1006 931/1358/931
f 1006/1354/1006 933/1239/933 1007/1355/1007
f 935/1242/935 1007/1355/1007 933/1239/933
f 1007/1355/1007 935/1242/935 1008/1356/1008
f 937/1244/937 1008/1356/1008 935/1242/935
f 1008/1359/1008 937/1245/937 938/1247/938
f 938/1247/938 1009/1360/1009 1008/1359/1008
f 938/1247/938 939/1248/939 1010/1361/1010
f 1011/1362/1011 1010/1361/1010 939/1248/939
f 1010/1361/1010 1011/1362/1011 1012/1363/1012
f 1013/1364/1013 1012/1363/1012 1011/1362/1011
f 1012/1363/1012 1013/1364/1013 1014/1365/1014
f 1015/1366/1015 1014/1365/1014 1013/1364/1013
f 1016/1367/1016 1017/1368/1017 1014/1365/1014
f 1014/1365/1014 1015/1366/1015 1016/1367/1016
f 1018/1369/1018 1019/1370/1019 1017/1371/1017
f 1017/1371/1017 1016/1372/1016 1018/1369/1018
f 1020/1373/1020 1021/1374/1021 1019/1375/1019
f 1019/1375/1019 1018/1376/1018 1020/1373/1020
f 939/1261/939 946/1262/946 1011/1377/1011
f 1022/1378/1022 1011/1377/1011 946/1262/946
f 1011/1362/1011 1022/1379/1022 1013/1364/1013
f 1023/1380/1023 1013/1364/1013 1022/1379/1022
f 1013/1364/1013 1023/1380/1023 1015/1366/1015
f 1024/1381/1024 1015/1366/1015 1023/1380/1023
f 1025/1382/1025 1016/1367/1016 1015/1366/1015
f 1015/1366/1015 1024/1381/1024 1025/1382/1025
f 1026/1383/1026 1018/1369/1018 1016/1372/1016
f 1016/1372/1016 1025/1384/1025 1026/1383/1026
f 1027/1385/1027 1020/1386/1020 1018/1369/1018
f 1018/1369/1018 1026/1383/1026 1027/1385/1027
f 946/1262/946 953/1269/953 1022/1378/1022
f 1028/1387/1028 1022/1378/1022 953/1269/953
f 1022/1378/1022 1028/1387/1028 1023/1388/1023
f 1029/1389/1029 1023/1388/1023 1028/1387/1028
f 1023/1380/1023 1029/1390/1029 1024/1381/1024
f 1030/1391/1030 1024/1381/1024 1029/1390/1029
f 1031/1392/1031 1025/1382/1025 1024/1381/1024
f 1024/1381/1024 1030/1391/1030 1031/1392/1031
f 1032/1393/1032 1026/1394/1026 1025/1382/1025
f 1025/1382/1025 1031/1392/1031 1032/1393/1032
f 1033/1395/1033 1027/1396/1027 1026/1394/1026
f 1026/1394/1026 1032/1393/1032 1033/1395/1033
f 953/1269/953 960/1276/960 1028/1387/1028
f 1034/1397/1034 1028/1387/1028 960/1276/960
f 1028/1387/1028 1034/1397/1034 1029/1389/1029
f 1035/1398/1035 1029/1389/1029 1034/1397/1034
f 1029/1390/1029 1035/1399/1035 1030/1391/1030
f 1036/1400/1036 1030/1391/1030 1035/1399/1035
f 1037/1401/1037 1031/1392/1031 1030/1391/1030
f 1030/1391/1030 1036/1400/1036 1037/1401/1037
f 1038/1402/1038 1032/1393/1032 1031/1392/1031
f 1031/1392/1031 1037/1401/1037 1038/1402/1038
f 1039/1403/1039 1033/1395/1033 1032/1393/1032
f 1032/1393/1032 1038/1402/1038 1039/1403/1039
f 960/1293/960 967/1294/967 1034/1404/1034
f 1040/1405/1040 1034/1404/1034 967/1294/967
f 1034/1397/1034 1040/1406/1040 1035/1398/1035
f 1041/1407/1041 1035/1398/1035 1040/1406/1040
f 1035/1399/1035 1041/1408/1041 1036/1400/1036
f 1042/1409/1042 1036/1400/1036 1041/1408/1041
f 1043/1410/1043 1037/1401/1037 1036/1400/1036
f 1036/1400/1036 1042/1409/1042 1043/1410/1043
f 1044/1411/1044 1038/1402/1038 1037/1401/1037
f 1037/1401/1037 1043/1410/1043 1044/1411/1044
f 1045/1412/1045 1039/1403/1039 1038/1402/1038
f 1038/1402/1038 1044/1411/1044 1045/1412/1045
f 967/1294/967 974/1305/974 1040/1405/1040
f 1046/1413/1046 1040/1405/1040 974/1305/974
f 1040/1405/1040 1046/1413/1046 1041/1414/1041
f 1047/1415/1047 1041/1414/1041 1046/1413/1046
f 1041/1416/1041 1047/1417/1047 1042/1418/1042
f 1048/1419/1048 1042/1418/1042 1047/1417/1047
f 1049/1420/1049 1043/1410/1043 1042/1409/1042
f 1042/1409/1042 1048/1421/1048 1049/1420/1049
f 1050/1422/1050 1044/1411/1044 1043/1410/1043
f 1043/1410/1043 1049/1420/1049 1050/1422/1050
f 1051/1423/1051 1045/1412/1045 1044/1411/1044
f 1044/1411/1044 1050/1422/1050 1051/1423/1051
f 974/1305/974 981/1314/981 1052/1424/1052
f 1052/1424/1052 1046/1413/1046 974/1305/974
f 1046/1413/1046 1052/1424/1052 1053/1425/1053
f 1053/1425/1053 1047/1415/1047 1046/1413/1046
f 1047/1417/1047 1053/1426/1053 1054/1427/1054
f 1054/1427/1054 1048/1419/1048 1047/1417/1047
f 1055/1428/1055 1049/1420/1049 1054/1429/1054
f 1048/1421/1048 1054/1429/1054 1049/1420/1049
f 1056/1430/1056 1050/1422/1050 1055/1428/1055
f 1049/1420/1049 1055/1428/1055 1050/1422/1050
f 1057/1431/1057 1051/1423/1051 1056/1430/1056
f 1050/1422/1050 1056/1430/1056 1051/1423/1051
f 981/1314/981 988/1432/988 1058/1433/1058
f 1058/1433/1058 1052/1424/1052 981/1314/981
f 1052/1434/1052 1058/1435/1058 1059/1436/1059
f 1059/1436/1059 1053/1437/1053 1052/1434/1052
f 1053/1438/1053 1059/1439/1059 1060/1440/1060
f 1060/1440/1060 1054/1429/1054 1053/1438/1053
f 1061/1441/1061 1055/1428/1055 1060/1440/1060
f 1054/1429/1054 1060/1440/1060 1055/1428/1055
f 1062/1442/1062 1056/1430/1056 1061/1441/1061
f 1055/1428/1055 1061/1441/1061 1056/1430/1056
f 1063/1443/1063 1057/1431/1057 1062/1442/1062
f 1056/1430/1056 1062/1442/1062 1057/1431/1057
f 988/1323/988 995/1334/995 1064/1444/1064
f 1064/1445/1064 1058/1446/1058 988/1447/988
f 1058/1435/1058 1064/1448/1064 1065/1449/1065
f 1065/1449/1065 1059/1436/1059 1058/1435/1058
f 1059/1439/1059 1065/1450/1065 1066/1451/1066
f 1066/1451/1066 1060/1440/1060 1059/1439/1059
f 1067/1452/1067 1061/1441/1061 1066/1451/1066
f 1060/1440/1060 1066/1451/1066 1061/1441/1061
f 1068/1453/1068 1062/1454/1062 1067/1455/1067
f 1061/1456/1061 1067/1455/1067 1062/1454/1062
f 1069/1457/1069 1063/1458/1063 1068/1453/1068
f 1062/1454/1062 1068/1453/1068 1063/1458/1063
f 995/1346/995 1002/1345/1002 1070/1459/1070
f 1070/1459/1070 1064/1460/1064 995/1346/995
f 1064/1461/1064 1070/1462/1070 1071/1463/1071
f 1071/1463/1071 1065/1450/1065 1064/1461/1064
f 1065/1450/1065 1071/1463/1071 1072/1464/1072
f 1072/1464/1072 1066/1451/1066 1065/1450/1065
f 1073/1465/1073 1067/1452/1067 1072/1464/1072
f 1066/1451/1066 1072/1464/1072 1067/1452/1067
f 1074/1466/1074 1068/1453/1068 1073/1467/1073
f 1067/1455/1067 1073/1467/1073 1068/1453/1068
f 1075/1468/1075 1069/1457/1069 1074/1466/1074
f 1068/1453/1068 1074/1466/1074 1069/1457/1069
f 1002/1469/1002 1009/1360/1009 1076/1470/1076
f 1076/1470/1076 1070/1462/1070 1002/1469/1002
f 1070/1462/1070 1076/1470/1076 1077/1471/1077
f 1077/1471/1077 1071/1463/1071 1070/1462/1070
f 1071/1463/1071 1077/1471/1077 1078/1472/1078
f 1078/1472/1078 1072/1464/1072 1071/1463/1071
f 1079/1473/1079 1073/1465/1073 1078/1472/1078
f 1072/1464/1072 1078/1472/1078 1073/1465/1073
f 1080/1474/1080 1074/1466/1074 1079/1475/1079
f 1073/1467/1073 1079/1475/1079 1074/1466/1074
f 1081/1476/1081 1075/1468/1075 1080/1474/1080
f 1074/1466/1074 1080/1474/1080 1075/1468/1075
f 1009/1360/1009 938/1247/938 1010/1361/1010
f 1010/1361/1010 1076/1470/1076 1009/1360/1009
f 1076/1470/1076 1010/1361/1010 1012/1363/1012
f 1012/1363/1012 1077/1471/1077 1076/1470/1076
f 1077/1471/1077 1012/1363/1012 1014/1365/1014
f 1014/1365/1014 1078/1472/1078 1077/1471/1077
f 1017/1368/1017 1079/1473/1079 1014/1365/1014
f 1078/1472/1078 1014/1365/1014 1079/1473/1079
f 1019/1370/1019 1080/1477/1080 1017/1371/1017
f 1079/1478/1079 1017/1371/1017 1080/1477/1080
f 1021/1374/1021 1081/1479/1081 1019/1375/1019
f 1080/1480/1080 1019/1375/1019 1081/1479/1081
f 1082/1481/1082 1083/1482/1083 1084/1483/1084
f 1084/1483/1084 1083/1482/1083 1085/1484/1085
f 1085/1484/1085 1083/1482/1083 1086/1485/1086
f 1086/1485/1086 1083/1482/1083 1087/1486/1087
f 1087/1486/1087 1083/1482/1083 1088/1487/1088
f 1088/1487/1088 1083/1482/1083 1089/1488/1089
f 1089/1488/1089 1083/1482/1083 1090/1489/1090
f 1090/1489/1090 1083/1482/1083 1091/1490/1091
f 1091/1490/1091 1083/1482/1083 1092/1491/1092
f 1092/1491/1092 1083/1482/1083 1093/1492/1093
f 1093/1492/1093 1083/1482/1083 1094/1493/1094
f 1094/1493/1094 1083/1482/1083 1095/1494/1095
f 1095/1494/1095 1083/1482/1083 1096/1495/1096
f 1096/1495/1096 1083/1482/1083 1097/1496/1097
f 1097/1496/1097 1083/1482/1083 1098/1497/1098
f 1098/1497/1098 1083/1482/1083 1099/1498/1099
f 1099/1498/1099 1083/1482/1083 1100/1499/1100
f 1100/1499/1100 1083/1482/1083 1101/1500/1101
f 1101/1500/1101 1083/1482/1083 1102/1501/1102
f 1102/1501/1102 1083/1482/1083 1103/1502/1103
f 1103/1502/1103 1083/1482/1083 1104/1503/1104
f 1104/1503/1104 1083/1482/1083 1105/1504/1105
f 1105/1504/1105 1083/1482/1083 1106/1505/1106
f 1106/1505/1106 1083/1482/1083 1082/1481/1082
f 1107/1506/1107 1108/1507/1108 1084/1483/1084
f 1082/1481/1082 1084/1483/1084 1108/1507/1108
f 1109/1508/1109 1110/1509/1110 1108/1510/1108
f 1108/1510/1108 1107/1511/1107 1109/1508/1109
f 1111/1512/1111 1112/1513/1112 1110/1514/1110
f 1110/1514/1110 1109/1515/1109 1111/1512/1111
f 1113/1516/1113 1114/1517/1114 1112/1513/1112
f 1112/1513/1112 1111/1512/1111 1113/1516/1113
f 1115/1518/1115 1107/1506/1107 1085/1484/1085
f 1084/1483/1084 1085/1484/1085 1107/1506/1107
f 1116/1519/1116 1109/1515/1109 1107/1520/1107
f 1107/1520/1107 1115/1521/1115 1116/1519/1116
f 1117/1522/1117 1111/1512/1111 1109/1515/1109
f 1109/1515/1109 1116/1519/1116 1117/1522/1117
f 1118/1523/1118 1113/1516/1113 1111/1512/1111
f 1111/1512/1111 1117/1522/1117 1118/1523/1118
f 1119/1524/1119 1115/1518/1115 1086/1485/1086
f 1085/1484/1085 1086/1485/1086 1115/1518/1115
f 1120/1525/1120 1116/1519/1116 1115/1521/1115
f 1115/1521/1115 1119/1526/1119 1120/1525/1120
f 1121/1527/1121 1117/1522/1117 1116/1519/1116
f 1116/1519/1116 1120/1525/1120 1121/1527/1121
f 1122/1528/1122 1118/1523/1118 1117/1522/1117
f 1117/1522/1117 1121/1527/1121 1122/1528/1122
f 1123/1529/1123 1119/1524/1119 1086/1485/1086
f 1086/1485/1086 1087/1486/1087 1123/1529/1123
f 1124/1530/1124 1120/1531/1120 1123/1532/1123
f 1119/1533/1119 1123/1532/1123 1120/1531/1120
f 1125/1534/1125 1121/1527/1121 1124/1535/1124
f 1120/1525/1120 1124/1535/1124 1121/1527/1121
f 1126/1536/1126 1122/1528/1122 1125/1534/1125
f 1121/1527/1121 1125/1534/1125 1122/1528/1122
f 1127/1537/1127 1123/1529/1123 1087/1486/1087
f 1087/1486/1087 1088/1487/1088 1127/1537/1127
f 1128/1538/1128 1124/1530/1124 1127/1539/1127
f 1123/1532/1123 1127/1539/1127 1124/1530/1124
f 1129/1540/1129 1125/1534/1125 1128/1541/1128
f 1124/1535/1124 1128/1541/1128 1125/1534/1125
f 1130/1542/1130 1126/1536/1126 1129/1540/1129
f 1125/1534/1125 1129/1540/1129 1126/1536/1126
f 1131/1543/1131 1127/1537/1127 1088/1487/1088
f 1088/1487/1088 1089/1488/1089 1131/1543/1131
f 1132/1544/1132 1128/1538/1128 1131/1545/1131
f 1127/1539/1127 1131/1545/1131 1128/1538/1128
f 1133/1546/1133 1129/1540/1129 1132/1547/1132
f 1128/1541/1128 1132/1547/1132 1129/1540/1129
f 1134/1548/1134 1130/1549/1130 1133/1550/1133
f 1129/1551/1129 1133/1550/1133 1130/1549/1130
f 1135/1552/1135 1131/1543/1131 1090/1489/1090
f 1089/1488/1089 1090/1489/1090 1131/1543/1131
f 1136/1553/1136 1132/1544/1132 1131/1545/1131
f 1131/1545/1131 1135/1554/1135 1136/1553/1136
f 1137/1555/1137 1133/1546/1133 1132/1547/1132
f 1132/1547/1132 1136/1556/1136 1137/1555/1137
f 1138/1557/1138 1134/1548/1134 1133/1550/1133
f 1133/1550/1133 1137/1558/1137 1138/1557/1138
f 1139/1559/1139 1135/1552/1135 1091/1490/1091
f 1090/1489/1090 1091/1490/1091 1135/1552/1135
f 1140/1560/1140 1136/1553/1136 1135/1554/1135
f 1135/1554/1135 1139/1561/1139 1140/1560/1140
f 1141/1562/1141 1137/1555/1137 1136/1556/1136
f 1136/1556/1136 1140/1563/1140 1141/1562/1141
f 1142/1564/1142 1138/1557/1138 1137/1558/1137
f 1137/1558/1137 1141/1565/1141 1142/1564/1142
f 1143/1566/1143 1139/1559/1139 1092/1491/1092
f 1091/1490/1091 1092/1491/1092 1139/1559/1139
f 1144/1567/1144 1140/1560/1140 1139/1561/1139
f 1139/1561/1139 1143/1568/1143 1144/1567/1144
f 1145/1569/1145 1141/1562/1141 1140/1563/1140
f 1140/1563/1140 1144/1570/1144 1145/1569/1145
f 1146/1571/1146 1142/1564/1142 1141/1565/1141
f 1141/1565/1141 1145/1572/1145 1146/1571/1146
f 1147/1573/1147 1143/1566/1143 1092/1491/1092
f 1092/1491/1092 1093/1492/1093 1147/1573/1147
f 1148/1574/1148 1144/1567/1144 1147/1575/1147
f 1143/1568/1143 1147/1575/1147 1144/1567/1144
f 1149/1576/1149 1145/1569/1145 1148/1577/1148
f 1144/1570/1144 1148/1577/1148 1145/1569/1145
f 1150/1578/1150 1146/1571/1146 1149/1579/1149
f 1145/1572/1145 1149/1579/1149 1146/1571/1146
f 1151/1580/1151 1147/1573/1147 1093/1492/1093
f 1093/1492/1093 1094/1493/1094 1151/1580/1151
f 1152/1581/1152 1148/1582/1148 1151/1583/1151
f 1147/1584/1147 1151/1583/1151 1148/1582/1148
f 1153/1585/1153 1149/1576/1149 1152/1586/1152
f 1148/1577/1148 1152/1586/1152 1149/1576/1149
f 1154/1587/1154 1150/1588/1150 1153/1589/1153
f 1149/1590/1149 1153/1589/1153 1150/1588/1150
f 1155/1591/1155 1151/1580/1151 1094/1493/1094
f 1094/1493/1094 1095/1494/1095 1155/1591/1155
f 1156/1592/1156 1152/1581/1152 1155/1593/1155
f 1151/1583/1151 1155/1593/1155 1152/1581/1152
f 1157/1594/1157 1153/1589/1153 1156/1592/1156
f 1152/1581/1152 1156/1592/1156 1153/1589/1153
f 1158/1595/1158 1154/1587/1154 1157/1594/1157
f 1153/1589/1153 1157/1594/1157 1154/1587/1154
f 1159/1596/1159 1155/1591/1155 1096/1495/1096
f 1095/1494/1095 1096/1495/1096 1155/1591/1155
f 1160/1597/1160 1156/1592/1156 1155/1593/1155
f 1155/1593/1155 1159/1598/1159 1160/1597/1160
f 1161/1599/1161 1157/1594/1157 1156/1592/1156
f 1156/1592/1156 1160/1597/1160 1161/1599/1161
f 1162/1600/1162 1158/1595/1158 1157/1594/1157
f 1157/1594/1157 1161/1599/1161 1162/1600/1162
f 1163/1601/1163 1159/1596/1159 1097/1496/1097
f 1096/1495/1096 1097/1496/1097 1159/1596/1159
f 1164/1602/1164 1160/1597/1160 1159/1598/1159
f 1159/1598/1159 1163/1603/1163 1164/1602/1164
f 1165/1604/1165 1161/1599/1161 1160/1597/1160
f 1160/1597/1160 1164/1602/1164 1165/1604/1165
f 1166/1605/1166 1162/1600/1162 1161/1599/1161
f 1161/1599/1161 1165/1604/1165 1166/1605/1166
f 1167/1606/1167 1163/1601/1163 1098/1497/1098
f 1097/1496/1097 1098/1497/1098 1163/1601/1163
f 1168/1607/1168 1164/1602/1164 1163/1603/1163
f 1163/1603/1163 1167/1608/1167 1168/1607/1168
f 1169/1609/1169 1165/1604/1165 1164/1602/1164
f 1164/1602/1164 1168/1607/1168 1169/1609/1169
f 1170/1610/1170 1166/1605/1166 1165/1604/1165
f 1165/1604/1165 1169/1609/1169 1170/1610/1170
f 1171/1611/1171 1167/1606/1167 1098/1497/1098
f 1098/1497/1098 1099/1498/1099 1171/1611/1171
f 1172/1612/1172 1168/1607/1168 1171/1613/1171
f 1167/1608/1167 1171/1613/1171 1168/1607/1168
f 1173/1614/1173 1169/1609/1169 1172/1612/1172
f 1168/1607/1168 1172/1612/1172 1169/1609/1169
f 1174/1615/1174 1170/1610/1170 1173/1614/1173
f 1169/1609/1169 1173/1614/1173 1170/1610/1170
f 1175/1616/1175 1171/1611/1171 1099/1498/1099
f 1099/1498/1099 1100/1499/1100 1175/1616/1175
f 1176/1617/1176 1172/1612/1172 1175/1618/1175
f 1171/1613/1171 1175/1618/1175 1172/1612/1172
f 1177/1619/1177 1173/1614/1173 1176/1617/1176
f 1172/1612/1172 1176/1617/1176 1173/1614/1173
f 1178/1620/1178 1174/1615/1174 1177/1619/1177
f 1173/1614/1173 1177/1619/1177 1174/1615/1174
f 1179/1621/1179 1175/1616/1175 1100/1499/1100
f 1100/1499/1100 1101/1500/1101 1179/1621/1179
f 1180/1622/1180 1176/1617/1176 1179/1623/1179
f 1175/1618/1175 1179/1623/1179 1176/1617/1176
f 1181/1624/1181 1177/1619/1177 1180/1622/1180
f 1176/1617/1176 1180/1622/1180 1177/1619/1177
f 1182/1625/1182 1178/1620/1178 1181/1624/1181
f 1177/1619/1177 1181/1624/1181 1178/1620/1178
f 1183/1626/1183 1179/1621/1179 1102/1501/1102
f 1101/1500/1101 1102/1501/1102 1179/1621/1179
f 1184/1627/1184 1180/1622/1180 1179/1623/1179
f 1179/1623/1179 1183/1628/1183 1184/1627/1184
f 1185/1629/1185 1181/1630/1181 1180/1631/1180
f 1180/1631/1180 1184/1632/1184 1185/1629/1185
f 1186/1633/1186 1182/1625/1182 1181/1624/1181
f 1181/1624/1181 1185/1634/1185 1186/1633/1186
f 1187/1635/1187 1183/1626/1183 1103/1502/1103
f 1102/1501/1102 1103/1502/1103 1183/1626/1183
f 1188/1636/1188 1184/1637/1184 1183/1638/1183
f 1183/1638/1183 1187/1639/1187 1188/1636/1188
f 1189/1640/1189 1185/1629/1185 1184/1632/1184
f 1184/1632/1184 1188/1641/1188 1189/1640/1189
f 1190/1642/1190 1186/1643/1186 1185/1644/1185
f 1185/1644/1185 1189/1645/1189 1190/1642/1190
f 1191/1646/1191 1187/1635/1187 1104/1503/1104
f 1103/1502/1103 1104/1503/1104 1187/1635/1187
f 1192/1647/1192 1188/1636/1188 1187/1639/1187
f 1187/1639/1187 1191/1648/1191 1192/1647/1192
f 1193/1649/1193 1189/1640/1189 1188/1641/1188
f 1188/1641/1188 1192/1650/1192 1193/1649/1193
f 1194/1651/1194 1190/1642/1190 1189/1645/1189
f 1189/1645/1189 1193/1652/1193 1194/1651/1194
f 1195/1653/1195 1191/1646/1191 1104/1503/1104
f 1104/1503/1104 1105/1504/1105 1195/1653/1195
f 1196/1654/1196 1192/1647/1192 1195/1655/1195
f 1191/1648/1191 1195/1655/1195 1192/1647/1192
f 1197/1656/1197 1193/1649/1193 1196/1657/1196
f 1192/1650/1192 1196/1657/1196 1193/1649/1193
f 1198/1658/1198 1194/1651/1194 1197/1659/1197
f 1193/1652/1193 1197/1659/1197 1194/1651/1194
f 1199/1660/1199 1195/1653/1195 1105/1504/1105
f 1105/1504/1105 1106/1505/1106 1199/1660/1199
f 1200/1661/1200 1196/1654/1196 1199/1662/1199
f 1195/1655/1195 1199/1662/1199 1196/1654/1196
f 1201/1663/1201 1197/1656/1197 1200/1664/1200
f 1196/1657/1196 1200/1664/1200 1197/1656/1197
f 1202/1665/1202 1198/1658/1198 1201/1666/1201
f 1197/1659/1197 1201/1666/1201 1198/1658/1198
f 1108/1507/1108 1199/1660/1199 1106/1505/1106
f 1106/1505/1106 1082/1481/1082 1108/1507/1108
f 1110/1509/1110 1200/1661/1200 1108/1510/1108
f 1199/1662/1199 1108/1510/1108 1200/1661/1200
f 1112/1513/1112 1201/1663/1201 1110/1514/1110
f 1200/1664/1200 1110/1514/1110 1201/1663/1201
f 1114/1667/1114 1202/1665/1202 1112/1668/1112
f 1201/1666/1201 1112/1668/1112 1202/1665/1202
